<xml xmlns="https://developers.google.com/blockly/xml">
  <variables>
    <variable id="/^mA.iYZEzJE+f@7Bz?`">surface</variable>
    <variable id="YbA5``h:#-oT/|@f=}#g">rect</variable>
    <variable id="GJP@n#kx6Hbr5I9`QBf2">event</variable>
    <variable id="R$9oQYdzj:rE,Ay%0H=O">quit</variable>
    <variable id="5tgm~s(86m~fE%LaOKqD">dragging</variable>
    <variable id="Ek:R5LxBUA.,h)(9Tk{,">mousePosition</variable>
    <variable id="Tcjks?2[%B^J5S5YjJB@">firstOffset</variable>
    <variable id="mEme=E,n1MA4|dw(cq7G">offset</variable>
  </variables>
  <block type="pygameinit" id="67_yvU@DD/@3j@uv=+%a" x="38" y="13">
    <next>
      <block type="setcaption" id="b5jWu-r9EzE_!D7,fmk-">
        <value name="TITLE">
          <block type="text" id="61uv^4N;oT+-CHBtnpV6">
            <field name="TEXT">Rect Draw Application</field>
          </block>
        </value>
        <next>
          <block type="variables_set" id="m|306;dc;XQ[:Z4+MtRJ">
            <field name="VAR" id="/^mA.iYZEzJE+f@7Bz?`">surface</field>
            <value name="VALUE">
              <block type="partialscreen" id=".}4HvY/E$PJ[c+AtH{jj">
                <value name="WIDTH">
                  <block type="math_number" id="4}5usR(PSgrJ}F:+2|x%">
                    <field name="NUM">800</field>
                  </block>
                </value>
                <value name="HEIGHT">
                  <block type="math_number" id="fl/VtohnXzN?#/z[i$m*">
                    <field name="NUM">600</field>
                  </block>
                </value>
                <value name="MODE">
                  <block type="screenmode" id="zgA+U]3SRVvRuRjHod2M">
                    <field name="MODE">RESIZABLE</field>
                  </block>
                </value>
              </block>
            </value>
            <next>
              <block type="variables_set" id="P-W?p@U.c8uC#tK?ERs4">
                <field name="VAR" id="YbA5``h:#-oT/|@f=}#g">rect</field>
                <value name="VALUE">
                  <block type="makerectangle" id="m2hK#*c]?QN@zwMEvrj/">
                    <value name="POSITION1">
                      <block type="position" id="bOq1rgziz3)nUx#JSi*t">
                        <value name="X">
                          <block type="math_number" id="1r!{]u(?lgV?;e5iJ,:}">
                            <field name="NUM">10</field>
                          </block>
                        </value>
                        <value name="Y">
                          <block type="math_number" id="X}wT+A{$,[(N7aT6JLuJ">
                            <field name="NUM">10</field>
                          </block>
                        </value>
                      </block>
                    </value>
                    <value name="POSITION2">
                      <block type="position" id="4HH8Ai1SL+rz+C`/OjSG">
                        <value name="X">
                          <block type="math_number" id="PF8Oxkd+%-`cUn~i]jy3">
                            <field name="NUM">100</field>
                          </block>
                        </value>
                        <value name="Y">
                          <block type="math_number" id="`C7V^)A9^7r(MXm!Z7jh">
                            <field name="NUM">100</field>
                          </block>
                        </value>
                      </block>
                    </value>
                  </block>
                </value>
                <next>
                  <block type="drawrect" id="RvpJBP7E5g|K*Y:!;m^%">
                    <value name="SURFACE">
                      <block type="variables_get" id="ilH;ToJp*MNpy)O=@}ja">
                        <field name="VAR" id="/^mA.iYZEzJE+f@7Bz?`">surface</field>
                      </block>
                    </value>
                    <value name="RECT">
                      <block type="variables_get" id="{q`xOKXtr]Wi%JilZ]i9">
                        <field name="VAR" id="YbA5``h:#-oT/|@f=}#g">rect</field>
                      </block>
                    </value>
                    <value name="COLOR">
                      <block type="colour_picker" id="DCAcrUjn:tC@.48^:?}[">
                        <field name="COLOUR">#cc0000</field>
                      </block>
                    </value>
                    <next>
                      <block type="controls_whileUntil" id="gW^EP*YO{PTLWe])reuh">
                        <field name="MODE">WHILE</field>
                        <value name="BOOL">
                          <block type="logic_negate" id="N:1Sh|2tUOGsibC8Gv;5">
                            <value name="BOOL">
                              <block type="variables_get" id="IfhKCL2#Y?ri,HWW`|uE">
                                <field name="VAR" id="R$9oQYdzj:rE,Ay%0H=O">quit</field>
                              </block>
                            </value>
                          </block>
                        </value>
                        <statement name="DO">
                          <block type="variables_set" id="PYb4gpzh/P|IyyL8Ds`R">
                            <field name="VAR" id="GJP@n#kx6Hbr5I9`QBf2">event</field>
                            <value name="VALUE">
                              <block type="pollevent" id="[rk_*MrKbJTLw0Pjp}l;"></block>
                            </value>
                            <next>
                              <block type="controls_if" id="%BEeor9Ff;x09wnI(ucm">
                                <mutation elseif="3"></mutation>
                                <value name="IF0">
                                  <block type="logic_compare" id="0m(g+A@r%oBiPMB_5~Lr">
                                    <field name="OP">EQ</field>
                                    <value name="A">
                                      <block type="eventtype" id="$k7rc`Une1v(#Aq[EfT{">
                                        <value name="EVENT">
                                          <block type="variables_get" id="Ff+.Q}0dXYE:lftQXaq,">
                                            <field name="VAR" id="GJP@n#kx6Hbr5I9`QBf2">event</field>
                                          </block>
                                        </value>
                                      </block>
                                    </value>
                                    <value name="B">
                                      <block type="events" id="$!%YM|.0GqF}!w)*[D@e">
                                        <field name="EVENT">QUIT</field>
                                      </block>
                                    </value>
                                  </block>
                                </value>
                                <statement name="DO0">
                                  <block type="variables_set" id="Nh[{++(GT#-w|pnIycja">
                                    <field name="VAR" id="R$9oQYdzj:rE,Ay%0H=O">quit</field>
                                    <value name="VALUE">
                                      <block type="logic_boolean" id="sdYcC812R_[m}]fG,{ht">
                                        <field name="BOOL">TRUE</field>
                                      </block>
                                    </value>
                                  </block>
                                </statement>
                                <value name="IF1">
                                  <block type="logic_compare" id="n80c9=lXH#+[JPIoGRLJ">
                                    <field name="OP">EQ</field>
                                    <value name="A">
                                      <block type="eventtype" id=":3?c_LPhNH3Jd3:~dCD?">
                                        <value name="EVENT">
                                          <block type="variables_get" id="={%L/5FQ6Q!A[Iv85!$p">
                                            <field name="VAR" id="GJP@n#kx6Hbr5I9`QBf2">event</field>
                                          </block>
                                        </value>
                                      </block>
                                    </value>
                                    <value name="B">
                                      <block type="events" id="kSx0ka=43q|hWeeT?YV4">
                                        <field name="EVENT">MOUSEBUTTONDOWN</field>
                                      </block>
                                    </value>
                                  </block>
                                </value>
                                <statement name="DO1">
                                  <block type="controls_if" id="x!+`tlV%^IG7z)RM:w%8">
                                    <value name="IF0">
                                      <block type="collidepoint" id="Z2,B4WFf@U_{`/{)V[0)">
                                        <value name="RECT">
                                          <block type="variables_get" id="eBq_$X0XF]Hnv4Dwdes@">
                                            <field name="VAR" id="YbA5``h:#-oT/|@f=}#g">rect</field>
                                          </block>
                                        </value>
                                        <value name="POSITION">
                                          <block type="variables_get" id="].D}8pa2)@t}j{Z8`U6x">
                                            <field name="VAR" id="Ek:R5LxBUA.,h)(9Tk{,">mousePosition</field>
                                          </block>
                                        </value>
                                      </block>
                                    </value>
                                    <statement name="DO0">
                                      <block type="variables_set" id="$dr.9|y7^j@[^H^/FDb8">
                                        <field name="VAR" id="5tgm~s(86m~fE%LaOKqD">dragging</field>
                                        <value name="VALUE">
                                          <block type="logic_boolean" id="Qi[2iPzcFf6(e.{||jCD">
                                            <field name="BOOL">TRUE</field>
                                          </block>
                                        </value>
                                        <next>
                                          <block type="variables_set" id="]}F^XZy1g]Z(0`ze/mWk">
                                            <field name="VAR" id="Tcjks?2[%B^J5S5YjJB@">firstOffset</field>
                                            <value name="VALUE">
                                              <block type="subpositions" id="qnWE6FHRm9jPY{5V2M?e">
                                                <value name="POSITION1">
                                                  <block type="variables_get" id="0bDzaP8$!4Ybex7W[=.+">
                                                    <field name="VAR" id="Ek:R5LxBUA.,h)(9Tk{,">mousePosition</field>
                                                  </block>
                                                </value>
                                                <value name="POSITION2">
                                                  <block type="rectposition" id="l3!k/sl#Bxik`ce+R/f/">
                                                    <value name="RECT">
                                                      <block type="variables_get" id="JTBS0dam=1=)Ho9$ldzV">
                                                        <field name="VAR" id="YbA5``h:#-oT/|@f=}#g">rect</field>
                                                      </block>
                                                    </value>
                                                  </block>
                                                </value>
                                              </block>
                                            </value>
                                          </block>
                                        </next>
                                      </block>
                                    </statement>
                                  </block>
                                </statement>
                                <value name="IF2">
                                  <block type="logic_compare" id="3jitM/N@MGZGSIKNr(mP">
                                    <field name="OP">EQ</field>
                                    <value name="A">
                                      <block type="eventtype" id="y.QyLWP+V0qs$$^yK]=[">
                                        <value name="EVENT">
                                          <block type="variables_get" id="8vz^PRP/VkU`kg#WV*Z?">
                                            <field name="VAR" id="GJP@n#kx6Hbr5I9`QBf2">event</field>
                                          </block>
                                        </value>
                                      </block>
                                    </value>
                                    <value name="B">
                                      <block type="events" id="{UCu}(]dL29ON+5w!alX">
                                        <field name="EVENT">MOUSEBUTTONUP</field>
                                      </block>
                                    </value>
                                  </block>
                                </value>
                                <statement name="DO2">
                                  <block type="variables_set" id="PA?#h7[ozGdxIeX1tAH{">
                                    <field name="VAR" id="5tgm~s(86m~fE%LaOKqD">dragging</field>
                                    <value name="VALUE">
                                      <block type="logic_boolean" id="lcL0@*_!=3`f7?m0GPP#">
                                        <field name="BOOL">FALSE</field>
                                      </block>
                                    </value>
                                  </block>
                                </statement>
                                <value name="IF3">
                                  <block type="logic_compare" id="Ma~FW7[=*J*wCbG+y^f1">
                                    <field name="OP">EQ</field>
                                    <value name="A">
                                      <block type="eventtype" id="uGRtUZ{5*Tcp4v/z2x83">
                                        <value name="EVENT">
                                          <block type="variables_get" id="J=d.e@56z#zRbv-?=~j}">
                                            <field name="VAR" id="GJP@n#kx6Hbr5I9`QBf2">event</field>
                                          </block>
                                        </value>
                                      </block>
                                    </value>
                                    <value name="B">
                                      <block type="events" id="%I2[]gU.+qR@yi$5[bMQ">
                                        <field name="EVENT">MOUSEMOTION</field>
                                      </block>
                                    </value>
                                  </block>
                                </value>
                                <statement name="DO3">
                                  <block type="variables_set" id="~j-|jN.5+Zq$UjF~XStc">
                                    <field name="VAR" id="Ek:R5LxBUA.,h)(9Tk{,">mousePosition</field>
                                    <value name="VALUE">
                                      <block type="mouseposition" id="1LF}3Js|uXpII4n3?m;b"></block>
                                    </value>
                                    <next>
                                      <block type="controls_if" id="AmGcynE,,I7eD}$QFoS}">
                                        <value name="IF0">
                                          <block type="variables_get" id="U:neA,))[:no#YAJvP!I">
                                            <field name="VAR" id="5tgm~s(86m~fE%LaOKqD">dragging</field>
                                          </block>
                                        </value>
                                        <statement name="DO0">
                                          <block type="variables_set" id=",Y3d:YH.HWYFXF4l}32~">
                                            <field name="VAR" id="mEme=E,n1MA4|dw(cq7G">offset</field>
                                            <value name="VALUE">
                                              <block type="subpositions" id="a}/=RXDzi*%dIWd=wx|_">
                                                <value name="POSITION1">
                                                  <block type="variables_get" id="5Xv;bIMA;ODXUra=eK+:">
                                                    <field name="VAR" id="Ek:R5LxBUA.,h)(9Tk{,">mousePosition</field>
                                                  </block>
                                                </value>
                                                <value name="POSITION2">
                                                  <block type="rectposition" id="9L_IEY+C/f};n]._px{`">
                                                    <value name="RECT">
                                                      <block type="variables_get" id="[1=E?!0R,ex|;jOcoqt-">
                                                        <field name="VAR" id="YbA5``h:#-oT/|@f=}#g">rect</field>
                                                      </block>
                                                    </value>
                                                  </block>
                                                </value>
                                              </block>
                                            </value>
                                            <next>
                                              <block type="variables_set" id="C]4E=*zaaMxM2:yfHgLj">
                                                <field name="VAR" id="mEme=E,n1MA4|dw(cq7G">offset</field>
                                                <value name="VALUE">
                                                  <block type="subpositions" id="Nl]uEAN|qaLm78Ek1kUZ">
                                                    <value name="POSITION1">
                                                      <block type="variables_get" id="}p%G6iDtdXDQXIsi:AdO">
                                                        <field name="VAR" id="mEme=E,n1MA4|dw(cq7G">offset</field>
                                                      </block>
                                                    </value>
                                                    <value name="POSITION2">
                                                      <block type="variables_get" id="F[x+f%Dw27)d${D-%`b-">
                                                        <field name="VAR" id="Tcjks?2[%B^J5S5YjJB@">firstOffset</field>
                                                      </block>
                                                    </value>
                                                  </block>
                                                </value>
                                                <next>
                                                  <block type="variables_set" id="7!#s_`$CvnY%`0Gn#4T(">
                                                    <field name="VAR" id="YbA5``h:#-oT/|@f=}#g">rect</field>
                                                    <value name="VALUE">
                                                      <block type="moverect" id="bDQ!siYyhyang0qR]QF*">
                                                        <value name="RECT">
                                                          <block type="variables_get" id="[O1w@QDh^]R}h@HD.UuU">
                                                            <field name="VAR" id="YbA5``h:#-oT/|@f=}#g">rect</field>
                                                          </block>
                                                        </value>
                                                        <value name="POSITION">
                                                          <block type="variables_get" id="mmSF:ek;X:DSt95hIae|">
                                                            <field name="VAR" id="mEme=E,n1MA4|dw(cq7G">offset</field>
                                                          </block>
                                                        </value>
                                                      </block>
                                                    </value>
                                                    <next>
                                                      <block type="drawrect" id="|mFb`y@?].BuR6)rm.q.">
                                                        <value name="SURFACE">
                                                          <block type="variables_get" id="#9*;!ykAjPNLWxI!oea~">
                                                            <field name="VAR" id="/^mA.iYZEzJE+f@7Bz?`">surface</field>
                                                          </block>
                                                        </value>
                                                        <value name="RECT">
                                                          <block type="variables_get" id="EDoGwSF9pftsvF9{Ury(">
                                                            <field name="VAR" id="YbA5``h:#-oT/|@f=}#g">rect</field>
                                                          </block>
                                                        </value>
                                                        <value name="COLOR">
                                                          <block type="colour_picker" id="%K=k}K!oZs7+[8v!n_H4">
                                                            <field name="COLOUR">#cc0000</field>
                                                          </block>
                                                        </value>
                                                      </block>
                                                    </next>
                                                  </block>
                                                </next>
                                              </block>
                                            </next>
                                          </block>
                                        </statement>
                                      </block>
                                    </next>
                                  </block>
                                </statement>
                              </block>
                            </next>
                          </block>
                        </statement>
                      </block>
                    </next>
                  </block>
                </next>
              </block>
            </next>
          </block>
        </next>
      </block>
    </next>
  </block>
</xml>