<xml xmlns="https://developers.google.com/blockly/xml">
  <variables>
    <variable id="o@(`i}sg3!g$:MC=*F_I">text</variable>
    <variable id="=G0#(s?Sg?iC*b@4vX~t">rect</variable>
    <variable id="/^mA.iYZEzJE+f@7Bz?`">surface</variable>
  </variables>
  <block type="pygameinit" id="67_yvU@DD/@3j@uv=+%a" x="38" y="63">
    <next>
      <block type="setcaption" id="b5jWu-r9EzE_!D7,fmk-">
        <value name="TITLE">
          <block type="text" id="61uv^4N;oT+-CHBtnpV6">
            <field name="TEXT">My First PyGame Application</field>
          </block>
        </value>
        <next>
          <block type="variables_set" id="5hh/|(r.v[zXD8IT{i52">
            <field name="VAR" id="o@(`i}sg3!g$:MC=*F_I">text</field>
            <value name="VALUE">
              <block type="rendertext" id="TB5_q%S*Jy+Tl@P%.BDy">
                <value name="TEXT">
                  <block type="text" id="!CU1F;+eQF2:[XMMWd4R">
                    <field name="TEXT">Hello World</field>
                  </block>
                </value>
                <value name="COLOR">
                  <block type="colors" id="nMR};HDD_`hqaCCC1$PT">
                    <field name="COLOR">0,0,128</field>
                  </block>
                </value>
              </block>
            </value>
            <next>
              <block type="variables_set" id="@8-:[ZU/Iymx_|5v33[!">
                <field name="VAR" id="=G0#(s?Sg?iC*b@4vX~t">rect</field>
                <value name="VALUE">
                  <block type="getrect" id="X.5?dm]ar_KQ:WuE{yt*">
                    <value name="OBJECT">
                      <block type="variables_get" id="p?qH]C9{P|Kqn+toNt#:">
                        <field name="VAR" id="o@(`i}sg3!g$:MC=*F_I">text</field>
                      </block>
                    </value>
                  </block>
                </value>
                <next>
                  <block type="centerrect" id=")v2A/q^l9#4O}@{bg`D$">
                    <value name="RECT">
                      <block type="variables_get" id="kHOjb47C=:c2Xm:$N]Z3">
                        <field name="VAR" id="=G0#(s?Sg?iC*b@4vX~t">rect</field>
                      </block>
                    </value>
                    <value name="X">
                      <block type="math_number" id="!amM8%~PM*6d:Yrn!O[W">
                        <field name="NUM">200</field>
                      </block>
                    </value>
                    <value name="Y">
                      <block type="math_number" id="d%w$Lp4%wZbNhHBcEi;U">
                        <field name="NUM">100</field>
                      </block>
                    </value>
                    <next>
                      <block type="variables_set" id="m|306;dc;XQ[:Z4+MtRJ">
                        <field name="VAR" id="/^mA.iYZEzJE+f@7Bz?`">surface</field>
                        <value name="VALUE">
                          <block type="partialscreen" id=".}4HvY/E$PJ[c+AtH{jj">
                            <value name="WIDTH">
                              <block type="math_number" id="4}5usR(PSgrJ}F:+2|x%">
                                <field name="NUM">400</field>
                              </block>
                            </value>
                            <value name="HEIGHT">
                              <block type="math_number" id="fl/VtohnXzN?#/z[i$m*">
                                <field name="NUM">200</field>
                              </block>
                            </value>
                            <value name="MODE">
                              <block type="screenmode" id="zgA+U]3SRVvRuRjHod2M">
                                <field name="MODE">RESIZABLE</field>
                              </block>
                            </value>
                          </block>
                        </value>
                        <next>
                          <block type="drawtext" id=":w]qBC;gwHXxJqK/jrv/">
                            <value name="TEXT">
                              <block type="variables_get" id="XePkK4%%7X3d)VPmGuK`">
                                <field name="VAR" id="o@(`i}sg3!g$:MC=*F_I">text</field>
                              </block>
                            </value>
                            <value name="RECT">
                              <block type="variables_get" id="X],6l8Z6EAz%K1iRj7y]">
                                <field name="VAR" id="=G0#(s?Sg?iC*b@4vX~t">rect</field>
                              </block>
                            </value>
                            <value name="SURFACE">
                              <block type="variables_get" id="s_zRW@xuS]Xx;ALUo%_l">
                                <field name="VAR" id="/^mA.iYZEzJE+f@7Bz?`">surface</field>
                              </block>
                            </value>
                            <next>
                              <block type="wait" id="2=`U*U#]3#:voP@9DOl9">
                                <value name="SECONDS">
                                  <block type="math_number" id="v}^$+1$^|l#-ZXikwX)~">
                                    <field name="NUM">5</field>
                                  </block>
                                </value>
                              </block>
                            </next>
                          </block>
                        </next>
                      </block>
                    </next>
                  </block>
                </next>
              </block>
            </next>
          </block>
        </next>
      </block>
    </next>
  </block>
</xml>