<xml xmlns="https://developers.google.com/blockly/xml">
  <variables>
    <variable id="JJ$iW=?^skR[l%]S)%OS">elapsedTime</variable>
    <variable id="BV$Q*H6N)UM!XW:o2p)d">quit</variable>
    <variable id="y%qJ[;(kMgRfwLm[hd:e">event</variable>
    <variable id="l2ug)Cvh^-AIDAj[aO1J">startTime</variable>
    <variable id="}+rsO,C)m#`|pkG7B5j;">ballFired</variable>
    <variable id="V6n[jfxFknz;C@y5u*@{">moveBallTime</variable>
    <variable id="/^mA.iYZEzJE+f@7Bz?`">surface</variable>
    <variable id="6:tL{fMtqq7A2!j`an6t">cannonBallPosition</variable>
    <variable id="HW[c8y_Kl$2jje^5ofVX">mousePosition</variable>
    <variable id="M.e^T%SRS5c@)Xx@uEaZ">img</variable>
    <variable id="T7QZf[S+=v{+-Cn2F~oy">degree</variable>
    <variable id="~pr]/m+oNrD_n-p-s:p^">image</variable>
    <variable id="dFAXqS,o.I~P_=$8|/Je">cannonBall</variable>
  </variables>
  <block type="procedures_callnoreturn" id="mVi{Y@],^#G8pKDT$FP5" x="87" y="-61">
    <mutation name="initialize"></mutation>
    <next>
      <block type="imports" id="JsK[U6=-e{sh82OjtvG|">
        <next>
          <block type="controls_whileUntil" id="F:%ql8KrxBz?cU!WX6,x">
            <field name="MODE">WHILE</field>
            <value name="BOOL">
              <block type="logic_negate" id="IQ7v%jhzX?@ckuV.kEZ7">
                <value name="BOOL">
                  <block type="variables_get" id=".W}qT(^{_/8GodS|%Ufj">
                    <field name="VAR" id="BV$Q*H6N)UM!XW:o2p)d">quit</field>
                  </block>
                </value>
              </block>
            </value>
            <statement name="DO">
              <block type="variables_set" id="7l:mYon/hj7S_l(+9JKR">
                <field name="VAR" id="JJ$iW=?^skR[l%]S)%OS">elapsedTime</field>
                <value name="VALUE">
                  <block type="elapsedtime" id="R_]$K4_lrNwCmi~w|*Nl">
                    <value name="STARTTIME">
                      <block type="variables_get" id="/BK[^WX`Mo@`xYhY7Aog">
                        <field name="VAR" id="l2ug)Cvh^-AIDAj[aO1J">startTime</field>
                      </block>
                    </value>
                  </block>
                </value>
                <next>
                  <block type="controls_forEach" id="1A_MQ[F;~EguYtM~Nnj9">
                    <field name="VAR" id="y%qJ[;(kMgRfwLm[hd:e">event</field>
                    <value name="LIST">
                      <block type="pygameevent" id="yJ_n}8_c3M#P}O_hNHS7"></block>
                    </value>
                    <statement name="DO">
                      <block type="controls_if" id="`0-)Y7,9gt0x#]n}S0|f">
                        <mutation elseif="2"></mutation>
                        <value name="IF0">
                          <block type="logic_compare" id="FL2g79G9}*0y#61@{Ao[">
                            <field name="OP">EQ</field>
                            <value name="A">
                              <block type="eventtype" id="zUz#K.hNfW5{/WMJ]KVn">
                                <value name="EVENT">
                                  <block type="variables_get" id="u*[57,(YS(afTc4DIX|5">
                                    <field name="VAR" id="y%qJ[;(kMgRfwLm[hd:e">event</field>
                                  </block>
                                </value>
                              </block>
                            </value>
                            <value name="B">
                              <block type="events" id="zc+}[SdaDb2=}@xd=)Ju">
                                <field name="EVENT">MOUSEMOTION</field>
                              </block>
                            </value>
                          </block>
                        </value>
                        <statement name="DO0">
                          <block type="variables_set" id="x*lpO9$A~F[BIKm=((Rj">
                            <field name="VAR" id="HW[c8y_Kl$2jje^5ofVX">mousePosition</field>
                            <value name="VALUE">
                              <block type="mouseposition" id="V4h1lj?20^gA0WCV:x$2"></block>
                            </value>
                            <next>
                              <block type="variables_set" id="oz@F!N9:2yjo,!RfO5|p">
                                <field name="VAR" id="M.e^T%SRS5c@)Xx@uEaZ">img</field>
                                <value name="VALUE">
                                  <block type="rotateimage" id="QPSulbMHl|vp1,7[=+xx">
                                    <value name="IMAGE">
                                      <block type="variables_get" id="CS!%Xca}}7xn)A{:4]a}">
                                        <field name="VAR" id="~pr]/m+oNrD_n-p-s:p^">image</field>
                                      </block>
                                    </value>
                                    <value name="DEGREE">
                                      <block type="variables_get" id="r3H(8Zt1;9Q/0OvNd7s1">
                                        <field name="VAR" id="T7QZf[S+=v{+-Cn2F~oy">degree</field>
                                      </block>
                                    </value>
                                  </block>
                                </value>
                                <next>
                                  <block type="variables_set" id="Y^uPc)`XE)ew#j{cwN.*">
                                    <field name="VAR" id="T7QZf[S+=v{+-Cn2F~oy">degree</field>
                                    <value name="VALUE">
                                      <block type="getangle" id="[u}29Rxb?4W5N|92xXS~">
                                        <value name="POSITION1">
                                          <block type="position" id="nB75z{}Erx~RjOVGrAQ:">
                                            <value name="X">
                                              <block type="math_number" id="Yn#^4g;IOAmtU*c6Cxti">
                                                <field name="NUM">100</field>
                                              </block>
                                            </value>
                                            <value name="Y">
                                              <block type="math_number" id=":w;zNc+VMraX4bi$3l].">
                                                <field name="NUM">100</field>
                                              </block>
                                            </value>
                                          </block>
                                        </value>
                                        <value name="POSITION2">
                                          <block type="variables_get" id="EZ]Yl2B]S;6P|+`dnOAN">
                                            <field name="VAR" id="HW[c8y_Kl$2jje^5ofVX">mousePosition</field>
                                          </block>
                                        </value>
                                      </block>
                                    </value>
                                    <next>
                                      <block type="drawimage" id="u]XuS`)-0:T8Smpn_(4T">
                                        <value name="IMAGE">
                                          <block type="variables_get" id="Pg$JPG(;$s1[|=j_AW4w">
                                            <field name="VAR" id="M.e^T%SRS5c@)Xx@uEaZ">img</field>
                                          </block>
                                        </value>
                                        <value name="SURFACE">
                                          <block type="variables_get" id="g%0:o,DOqj.U54;8K|f$">
                                            <field name="VAR" id="/^mA.iYZEzJE+f@7Bz?`">surface</field>
                                          </block>
                                        </value>
                                        <value name="POSITION">
                                          <block type="position" id="E7VmlKmGiA[0X~-gnv3~">
                                            <value name="X">
                                              <block type="math_number" id="z#$F^H@ka_8Ftm|8Jg!_">
                                                <field name="NUM">100</field>
                                              </block>
                                            </value>
                                            <value name="Y">
                                              <block type="math_number" id="I30^07)nqSN9J$Fg-ph4">
                                                <field name="NUM">100</field>
                                              </block>
                                            </value>
                                          </block>
                                        </value>
                                      </block>
                                    </next>
                                  </block>
                                </next>
                              </block>
                            </next>
                          </block>
                        </statement>
                        <value name="IF1">
                          <block type="logic_compare" id="6.?xPinYG]~HJz~BfxNR">
                            <field name="OP">EQ</field>
                            <value name="A">
                              <block type="eventtype" id="Fr[h_4[PudnG:w1;bv^3">
                                <value name="EVENT">
                                  <block type="variables_get" id="VLM`2NB2P)g9V:Lv32KK">
                                    <field name="VAR" id="y%qJ[;(kMgRfwLm[hd:e">event</field>
                                  </block>
                                </value>
                              </block>
                            </value>
                            <value name="B">
                              <block type="events" id="HRH96u8n2YDXF!`{T^~#">
                                <field name="EVENT">KEYUP</field>
                              </block>
                            </value>
                          </block>
                        </value>
                        <statement name="DO1">
                          <block type="variables_set" id="08i@i=,%4l`F[S,MJCY0">
                            <field name="VAR" id="6:tL{fMtqq7A2!j`an6t">cannonBallPosition</field>
                            <value name="VALUE">
                              <block type="position" id="M)9+MNx=i%?5iQT8w)PD">
                                <value name="X">
                                  <block type="math_number" id="NtP[Omt`3UzKMwH920CT">
                                    <field name="NUM">100</field>
                                  </block>
                                </value>
                                <value name="Y">
                                  <block type="math_number" id="32+S_8OlO?6gwlC:pcQ5">
                                    <field name="NUM">100</field>
                                  </block>
                                </value>
                              </block>
                            </value>
                            <next>
                              <block type="variables_set" id="iX)LAamuE2k%U?BUnLC!">
                                <field name="VAR" id="V6n[jfxFknz;C@y5u*@{">moveBallTime</field>
                                <value name="VALUE">
                                  <block type="currenttime" id="p@@k|*b94]~6rbAEq~}P"></block>
                                </value>
                                <next>
                                  <block type="variables_set" id="ck,/v.XyFnBn:WlRG`JB">
                                    <field name="VAR" id="}+rsO,C)m#`|pkG7B5j;">ballFired</field>
                                    <value name="VALUE">
                                      <block type="logic_boolean" id="QT0M9Ud@#iB;+5//^XD=">
                                        <field name="BOOL">TRUE</field>
                                      </block>
                                    </value>
                                  </block>
                                </next>
                              </block>
                            </next>
                          </block>
                        </statement>
                        <value name="IF2">
                          <block type="logic_compare" id="rZ8RfbBB$]{3cZ4{uXC^">
                            <field name="OP">EQ</field>
                            <value name="A">
                              <block type="eventtype" id="Puch2@?abtP6`cq}ek%E">
                                <value name="EVENT">
                                  <block type="variables_get" id="Hrq7zbgf2nG26v*5zYoT">
                                    <field name="VAR" id="y%qJ[;(kMgRfwLm[hd:e">event</field>
                                  </block>
                                </value>
                              </block>
                            </value>
                            <value name="B">
                              <block type="events" id="%,kv68!p6DT!W:Z?Wgzo">
                                <field name="EVENT">QUIT</field>
                              </block>
                            </value>
                          </block>
                        </value>
                        <statement name="DO2">
                          <block type="variables_set" id="*ko{OZg`ASq??iWLxGK{">
                            <field name="VAR" id="BV$Q*H6N)UM!XW:o2p)d">quit</field>
                            <value name="VALUE">
                              <block type="logic_boolean" id="ZW7tuYsMR^$+2AjD%V,+">
                                <field name="BOOL">TRUE</field>
                              </block>
                            </value>
                          </block>
                        </statement>
                      </block>
                    </statement>
                    <next>
                      <block type="procedures_callnoreturn" id="J7^9K]aLMW__[yQ.a$xZ">
                        <mutation name="moveBall"></mutation>
                      </block>
                    </next>
                  </block>
                </next>
              </block>
            </statement>
          </block>
        </next>
      </block>
    </next>
  </block>
  <block type="procedures_defnoreturn" id="{pA*mHUj8!EC_?Lnpq4b" x="988" y="13">
    <field name="NAME">initialize</field>
    <comment pinned="false" h="80" w="160">Describe this function...</comment>
    <statement name="STACK">
      <block type="imports" id="#dGc$S#.T|G^k:u!X23/">
        <next>
          <block type="pygameinit" id="EFzmx,VfbYTc2$jDh$}N">
            <next>
              <block type="setcaption" id="b5jWu-r9EzE_!D7,fmk-">
                <value name="TITLE">
                  <block type="text" id="61uv^4N;oT+-CHBtnpV6">
                    <field name="TEXT">Rotate Image pointed at Mouse and fire on key down</field>
                  </block>
                </value>
                <next>
                  <block type="variables_set" id="L*x$k1)9o|PkXkNx/d(y">
                    <field name="VAR" id="l2ug)Cvh^-AIDAj[aO1J">startTime</field>
                    <value name="VALUE">
                      <block type="currenttime" id="f}bXvcx2J@6dtR./g4(?"></block>
                    </value>
                    <next>
                      <block type="variables_set" id="y|UT([EqmGGYf*E60vNb">
                        <field name="VAR" id="V6n[jfxFknz;C@y5u*@{">moveBallTime</field>
                        <value name="VALUE">
                          <block type="currenttime" id="@`{k4#u)FMXPdRU|J1OE"></block>
                        </value>
                        <next>
                          <block type="variables_set" id="m|306;dc;XQ[:Z4+MtRJ">
                            <field name="VAR" id="/^mA.iYZEzJE+f@7Bz?`">surface</field>
                            <value name="VALUE">
                              <block type="partialscreen" id=".}4HvY/E$PJ[c+AtH{jj">
                                <value name="WIDTH">
                                  <block type="math_number" id="4}5usR(PSgrJ}F:+2|x%">
                                    <field name="NUM">300</field>
                                  </block>
                                </value>
                                <value name="HEIGHT">
                                  <block type="math_number" id="fl/VtohnXzN?#/z[i$m*">
                                    <field name="NUM">300</field>
                                  </block>
                                </value>
                                <value name="MODE">
                                  <block type="screenmode" id="zgA+U]3SRVvRuRjHod2M">
                                    <field name="MODE">RESIZABLE</field>
                                  </block>
                                </value>
                              </block>
                            </value>
                            <next>
                              <block type="variables_set" id="v`ilP^DG$byc^+2w)o1y">
                                <field name="VAR" id="JJ$iW=?^skR[l%]S)%OS">elapsedTime</field>
                                <value name="VALUE">
                                  <block type="math_number" id="]vJtsPILVMXjzefLzTBf">
                                    <field name="NUM">0</field>
                                  </block>
                                </value>
                                <next>
                                  <block type="variables_set" id="b@{G6pH#?rvh)Z_7U?oP">
                                    <field name="VAR" id="~pr]/m+oNrD_n-p-s:p^">image</field>
                                    <value name="VALUE">
                                      <block type="loadimage" id="JC=Anz5c)d}n;i0dRoFK">
                                        <value name="FILENAME">
                                          <block type="text" id="+v/W=JJpiX-kS!+K88NX">
                                            <field name="TEXT">cannon.jpg</field>
                                          </block>
                                        </value>
                                      </block>
                                    </value>
                                    <next>
                                      <block type="variables_set" id="OmU[wh)az-O;}3`IvTJ|">
                                        <field name="VAR" id="dFAXqS,o.I~P_=$8|/Je">cannonBall</field>
                                        <value name="VALUE">
                                          <block type="loadimage" id="pErr2Qz;39HVq#_[bn)o">
                                            <value name="FILENAME">
                                              <block type="text" id="!5w940JNMT.e46imlCZK">
                                                <field name="TEXT">cannonBall.jpg</field>
                                              </block>
                                            </value>
                                          </block>
                                        </value>
                                        <next>
                                          <block type="variables_set" id="C@hG;ZOk`vGMNd6Y?_j/">
                                            <field name="VAR" id="T7QZf[S+=v{+-Cn2F~oy">degree</field>
                                            <value name="VALUE">
                                              <block type="math_number" id="IM+36HJ/)O5KrKyuP4;#">
                                                <field name="NUM">0</field>
                                              </block>
                                            </value>
                                            <next>
                                              <block type="variables_set" id="pNmDJ{QBhf1we=l$0Yh!">
                                                <field name="VAR" id="}+rsO,C)m#`|pkG7B5j;">ballFired</field>
                                                <value name="VALUE">
                                                  <block type="logic_boolean" id="lt?q9q@_#Ih(yg428,Hb">
                                                    <field name="BOOL">FALSE</field>
                                                  </block>
                                                </value>
                                                <next>
                                                  <block type="variables_set" id="DxcY9~_Rh9]6L69rZ!UR">
                                                    <field name="VAR" id="BV$Q*H6N)UM!XW:o2p)d">quit</field>
                                                    <value name="VALUE">
                                                      <block type="logic_boolean" id="QPrz5$q^/.pQ43([^YZb">
                                                        <field name="BOOL">FALSE</field>
                                                      </block>
                                                    </value>
                                                  </block>
                                                </next>
                                              </block>
                                            </next>
                                          </block>
                                        </next>
                                      </block>
                                    </next>
                                  </block>
                                </next>
                              </block>
                            </next>
                          </block>
                        </next>
                      </block>
                    </next>
                  </block>
                </next>
              </block>
            </next>
          </block>
        </next>
      </block>
    </statement>
  </block>
  <block type="procedures_defnoreturn" id="a?)NNyiOD)_kFdXQ`kXy" x="88" y="588">
    <field name="NAME">moveBall</field>
    <comment pinned="false" h="80" w="160">Describe this function...</comment>
    <statement name="STACK">
      <block type="imports" id="VD7`!}Eq.iPp;{;Y0O=[">
        <next>
          <block type="controls_if" id="H,fBw*D,nsAg@@`s4DHd">
            <value name="IF0">
              <block type="logic_compare" id="ds96v=+f,QWqRW-/?S}1">
                <field name="OP">GT</field>
                <value name="A">
                  <block type="elapsedtime" id="oBq^xUkzY4_b2yGac@K+">
                    <value name="STARTTIME">
                      <block type="variables_get" id="e8j4mkM-8C%?T8N#oX$P">
                        <field name="VAR" id="V6n[jfxFknz;C@y5u*@{">moveBallTime</field>
                      </block>
                    </value>
                  </block>
                </value>
                <value name="B">
                  <block type="math_number" id=".=y.pmfp:Sw90z/v`oZW">
                    <field name="NUM">0.05</field>
                  </block>
                </value>
              </block>
            </value>
            <statement name="DO0">
              <block type="controls_if" id="_;,69abZ-8;r(b~nmF];">
                <value name="IF0">
                  <block type="variables_get" id="qm82pm:*37NM-g;1167{">
                    <field name="VAR" id="}+rsO,C)m#`|pkG7B5j;">ballFired</field>
                  </block>
                </value>
                <statement name="DO0">
                  <block type="fillsurface" id="*[?4@An2h2W%u79lLe(e">
                    <value name="SURFACE">
                      <block type="variables_get" id="=QRbPU^tWKM/lq;9H[rY">
                        <field name="VAR" id="/^mA.iYZEzJE+f@7Bz?`">surface</field>
                      </block>
                    </value>
                    <value name="COLOR">
                      <block type="colour_picker" id="sw7Qpt{x4`Xc?`.XCuKD">
                        <field name="COLOUR">#ffffff</field>
                      </block>
                    </value>
                    <next>
                      <block type="variables_set" id="=hUOeI((R35ox@tQ5wHf">
                        <field name="VAR" id="6:tL{fMtqq7A2!j`an6t">cannonBallPosition</field>
                        <value name="VALUE">
                          <block type="translate" id="!oEo!i`v?,9jYus}#.`_">
                            <value name="POSITION">
                              <block type="variables_get" id="F=BJDhlH0-lRWlXS4nx!">
                                <field name="VAR" id="6:tL{fMtqq7A2!j`an6t">cannonBallPosition</field>
                              </block>
                            </value>
                            <value name="DEGREES">
                              <block type="toradians" id="PAh*L)]~w5#J.n0d/S~W">
                                <value name="DEGREE">
                                  <block type="variables_get" id="%;3sJ1_Q!qRSPI7pexah">
                                    <field name="VAR" id="T7QZf[S+=v{+-Cn2F~oy">degree</field>
                                  </block>
                                </value>
                              </block>
                            </value>
                            <value name="SPEED">
                              <block type="math_number" id="|DZ|@B=!s@%8J:R96iG~">
                                <field name="NUM">10</field>
                              </block>
                            </value>
                          </block>
                        </value>
                        <next>
                          <block type="variables_set" id="_M@zV?JDM8susVP)b?A]">
                            <field name="VAR" id="V6n[jfxFknz;C@y5u*@{">moveBallTime</field>
                            <value name="VALUE">
                              <block type="currenttime" id="Y4j$Y|=*xy,Z!dthqE;W"></block>
                            </value>
                            <next>
                              <block type="variables_set" id="v39*qUS=v/-]KNV$Ne;E">
                                <field name="VAR" id="M.e^T%SRS5c@)Xx@uEaZ">img</field>
                                <value name="VALUE">
                                  <block type="rotateimage" id="-[jJMUn5JQ{JDh1Q@79.">
                                    <value name="IMAGE">
                                      <block type="variables_get" id="@N}$%f65SG@Uuq9)IDSl">
                                        <field name="VAR" id="~pr]/m+oNrD_n-p-s:p^">image</field>
                                      </block>
                                    </value>
                                    <value name="DEGREE">
                                      <block type="variables_get" id="=/:|qg|il#(O#*_u$(N1">
                                        <field name="VAR" id="T7QZf[S+=v{+-Cn2F~oy">degree</field>
                                      </block>
                                    </value>
                                  </block>
                                </value>
                                <next>
                                  <block type="drawimage" id="idM/$3-8ObIRXi:|i:N,">
                                    <value name="IMAGE">
                                      <block type="variables_get" id="!2uxN6cQvBVSoTa]HMYM">
                                        <field name="VAR" id="M.e^T%SRS5c@)Xx@uEaZ">img</field>
                                      </block>
                                    </value>
                                    <value name="SURFACE">
                                      <block type="variables_get" id="QSC08a;1$bJnvSs]g)RE">
                                        <field name="VAR" id="/^mA.iYZEzJE+f@7Bz?`">surface</field>
                                      </block>
                                    </value>
                                    <value name="POSITION">
                                      <block type="position" id=")~#f-b+5Q8z~k@HAK`%%">
                                        <value name="X">
                                          <block type="math_number" id="l7uhLmI{^]6Yh(5Km1zi">
                                            <field name="NUM">100</field>
                                          </block>
                                        </value>
                                        <value name="Y">
                                          <block type="math_number" id="ct**~TFE-NGM_-RaOk!}">
                                            <field name="NUM">100</field>
                                          </block>
                                        </value>
                                      </block>
                                    </value>
                                    <next>
                                      <block type="drawimage" id="m?yk~BDC@m-mCoZJ3-Dy">
                                        <value name="IMAGE">
                                          <block type="variables_get" id="i`zGD4B|f(E(IMtz=1r*">
                                            <field name="VAR" id="dFAXqS,o.I~P_=$8|/Je">cannonBall</field>
                                          </block>
                                        </value>
                                        <value name="SURFACE">
                                          <block type="variables_get" id="1y@;)(.!03V4)hvzr^HS">
                                            <field name="VAR" id="/^mA.iYZEzJE+f@7Bz?`">surface</field>
                                          </block>
                                        </value>
                                        <value name="POSITION">
                                          <block type="variables_get" id="z5mdhbVf#fprPtgd_71$">
                                            <field name="VAR" id="6:tL{fMtqq7A2!j`an6t">cannonBallPosition</field>
                                          </block>
                                        </value>
                                      </block>
                                    </next>
                                  </block>
                                </next>
                              </block>
                            </next>
                          </block>
                        </next>
                      </block>
                    </next>
                  </block>
                </statement>
              </block>
            </statement>
          </block>
        </next>
      </block>
    </statement>
  </block>
</xml>