<xml xmlns="https://developers.google.com/blockly/xml">
  <variables>
    <variable id="y%qJ[;(kMgRfwLm[hd:e">event</variable>
    <variable id="~-5CYD.8%gA_=U#Q0(8N">sprite</variable>
    <variable id="q%?wao.jxK|;3^N!NinC">ch</variable>
    <variable id="X^/*H,EDVOD%9ds}3o$e">wPressed</variable>
    <variable id="kB:/-e8nfoc^+v!n-CsX">aPressed</variable>
    <variable id="5%aKHI_j)=]qgbZ-]tSB">sPressed</variable>
    <variable id="#,p1]:^wCjqhnA;,5_`g">dPressed</variable>
  </variables>
  <block type="procedures_defnoreturn" id=")dRUtU#D9WL$c?MAN?2B" x="438" y="363">
    <mutation>
      <arg name="event" varid="y%qJ[;(kMgRfwLm[hd:e"></arg>
      <arg name="sprite" varid="~-5CYD.8%gA_=U#Q0(8N"></arg>
    </mutation>
    <field name="NAME">movePlayer</field>
    <comment pinned="false" h="80" w="160">Describe this function...</comment>
    <statement name="STACK">
      <block type="controls_if" id="myZ2,eqk^xA4Z[:RT19b">
        <mutation elseif="1"></mutation>
        <value name="IF0">
          <block type="logic_compare" id="{LQTUW7dlL(gY{J:nmyC">
            <field name="OP">EQ</field>
            <value name="A">
              <block type="eventtype" id="hiV[kE6)@j-=?.0}Q3XU">
                <value name="EVENT">
                  <block type="variables_get" id="47V1!Pb:R[K$K.;No(?R">
                    <field name="VAR" id="y%qJ[;(kMgRfwLm[hd:e">event</field>
                  </block>
                </value>
              </block>
            </value>
            <value name="B">
              <block type="events" id="Jmirlho[ur~r/NWai.EB">
                <field name="EVENT">KEYDOWN</field>
              </block>
            </value>
          </block>
        </value>
        <statement name="DO0">
          <block type="variables_set" id="z+Agg~j/yQc])53nRK%K">
            <field name="VAR" id="q%?wao.jxK|;3^N!NinC">ch</field>
            <value name="VALUE">
              <block type="eventkey" id="GxRd,Gyxh%JjAVub9)aG">
                <value name="EVENT">
                  <block type="variables_get" id="y|oN!{-5s!;Iz7hJ[L8N">
                    <field name="VAR" id="y%qJ[;(kMgRfwLm[hd:e">event</field>
                  </block>
                </value>
              </block>
            </value>
            <next>
              <block type="controls_if" id="4ws`xwfgZ=[|Vobth;ov">
                <mutation elseif="3"></mutation>
                <value name="IF0">
                  <block type="logic_compare" id="ULj+5_yyw.?LgH~wxPqc">
                    <field name="OP">EQ</field>
                    <value name="A">
                      <block type="variables_get" id="@sC+{EArAU}nSjytKWUM">
                        <field name="VAR" id="q%?wao.jxK|;3^N!NinC">ch</field>
                      </block>
                    </value>
                    <value name="B">
                      <block type="text" id="8Bue~?8-YCSD_T}MZfm-">
                        <field name="TEXT">w</field>
                      </block>
                    </value>
                  </block>
                </value>
                <statement name="DO0">
                  <block type="variables_set" id="h4mk~^rz/lREZ|+(P-lL">
                    <field name="VAR" id="X^/*H,EDVOD%9ds}3o$e">wPressed</field>
                    <value name="VALUE">
                      <block type="logic_boolean" id="!g6xkqK#zR6{#$f6J@:m">
                        <field name="BOOL">TRUE</field>
                      </block>
                    </value>
                  </block>
                </statement>
                <value name="IF1">
                  <block type="logic_compare" id="hi*OXvU5:N7eGcPINHR%">
                    <field name="OP">EQ</field>
                    <value name="A">
                      <block type="variables_get" id="pNr?7oL]1Av8YpnydSA(">
                        <field name="VAR" id="q%?wao.jxK|;3^N!NinC">ch</field>
                      </block>
                    </value>
                    <value name="B">
                      <block type="text" id=";_7ck8dxCF[t-uN1ADM{">
                        <field name="TEXT">a</field>
                      </block>
                    </value>
                  </block>
                </value>
                <statement name="DO1">
                  <block type="variables_set" id="b5kk28+D~M)`AeLvDczf">
                    <field name="VAR" id="kB:/-e8nfoc^+v!n-CsX">aPressed</field>
                    <value name="VALUE">
                      <block type="logic_boolean" id="`($i/(OMwRx@c0MJYnx:">
                        <field name="BOOL">TRUE</field>
                      </block>
                    </value>
                  </block>
                </statement>
                <value name="IF2">
                  <block type="logic_compare" id="$UlvTM8I0$,le!)W)2UB">
                    <field name="OP">EQ</field>
                    <value name="A">
                      <block type="variables_get" id="?Dz((-tqqJ|IY0AYDcG5">
                        <field name="VAR" id="q%?wao.jxK|;3^N!NinC">ch</field>
                      </block>
                    </value>
                    <value name="B">
                      <block type="text" id="eCfzO~g8cbzgf0f!W[k;">
                        <field name="TEXT">s</field>
                      </block>
                    </value>
                  </block>
                </value>
                <statement name="DO2">
                  <block type="variables_set" id="_75?sUw1H.pp.G,=a8J^">
                    <field name="VAR" id="5%aKHI_j)=]qgbZ-]tSB">sPressed</field>
                    <value name="VALUE">
                      <block type="logic_boolean" id="=!%#;|(v.^@k/QXz@Uh(">
                        <field name="BOOL">TRUE</field>
                      </block>
                    </value>
                  </block>
                </statement>
                <value name="IF3">
                  <block type="logic_compare" id="KtG?lBMMNgCywPJj4gP5">
                    <field name="OP">EQ</field>
                    <value name="A">
                      <block type="variables_get" id="n#,Ogr*{o54MS0c/sJx:">
                        <field name="VAR" id="q%?wao.jxK|;3^N!NinC">ch</field>
                      </block>
                    </value>
                    <value name="B">
                      <block type="text" id="cv)V;JVH)VK1A2-X:FTP">
                        <field name="TEXT">d</field>
                      </block>
                    </value>
                  </block>
                </value>
                <statement name="DO3">
                  <block type="variables_set" id="%ETf2vNi%qT~F?{N~j!l">
                    <field name="VAR" id="#,p1]:^wCjqhnA;,5_`g">dPressed</field>
                    <value name="VALUE">
                      <block type="logic_boolean" id="ZFq88y[Tvce%sXx2-`wP">
                        <field name="BOOL">TRUE</field>
                      </block>
                    </value>
                  </block>
                </statement>
              </block>
            </next>
          </block>
        </statement>
        <value name="IF1">
          <block type="logic_compare" id="-EensC1V00AEmL3h;5v`">
            <field name="OP">EQ</field>
            <value name="A">
              <block type="eventtype" id="^GWTua6/vfef~pAZn2%l">
                <value name="EVENT">
                  <block type="variables_get" id="{S=2^N$iccdO-oM.6,~b">
                    <field name="VAR" id="y%qJ[;(kMgRfwLm[hd:e">event</field>
                  </block>
                </value>
              </block>
            </value>
            <value name="B">
              <block type="events" id="^Wg_T;Bre9DKrSDZ6;a(">
                <field name="EVENT">KEYUP</field>
              </block>
            </value>
          </block>
        </value>
        <statement name="DO1">
          <block type="variables_set" id="2Y=0DWxPB?6^|uI(_fEK">
            <field name="VAR" id="q%?wao.jxK|;3^N!NinC">ch</field>
            <value name="VALUE">
              <block type="eventkey" id="_mvrBPe;:RuQ|GS6_EGt">
                <value name="EVENT">
                  <block type="variables_get" id="aLcy2XQG5?~DgQ-Nj#]e">
                    <field name="VAR" id="y%qJ[;(kMgRfwLm[hd:e">event</field>
                  </block>
                </value>
              </block>
            </value>
            <next>
              <block type="controls_if" id="`PO8v]a!%{1n70N%U7;)">
                <mutation elseif="3"></mutation>
                <value name="IF0">
                  <block type="logic_compare" id="ag5!ZRy-Sj}I!`pK2hp4">
                    <field name="OP">EQ</field>
                    <value name="A">
                      <block type="variables_get" id="nycsAI#5ju7Gp9$4Bp^5">
                        <field name="VAR" id="q%?wao.jxK|;3^N!NinC">ch</field>
                      </block>
                    </value>
                    <value name="B">
                      <block type="text" id="Yq0nK#GKj$?LZ|$(/!sa">
                        <field name="TEXT">w</field>
                      </block>
                    </value>
                  </block>
                </value>
                <statement name="DO0">
                  <block type="variables_set" id="T;Fk26h]B#$sXxi(Vo7/">
                    <field name="VAR" id="X^/*H,EDVOD%9ds}3o$e">wPressed</field>
                    <value name="VALUE">
                      <block type="logic_boolean" id="TAJN}[M3+SO5%vO:gNvd">
                        <field name="BOOL">FALSE</field>
                      </block>
                    </value>
                  </block>
                </statement>
                <value name="IF1">
                  <block type="logic_compare" id="CLykgTd*85.v)X`;Ja^f">
                    <field name="OP">EQ</field>
                    <value name="A">
                      <block type="variables_get" id="vBYm~gk[3}l~qmv@]}0^">
                        <field name="VAR" id="q%?wao.jxK|;3^N!NinC">ch</field>
                      </block>
                    </value>
                    <value name="B">
                      <block type="text" id="j[)VBQcgkW~qumhiSY,m">
                        <field name="TEXT">a</field>
                      </block>
                    </value>
                  </block>
                </value>
                <statement name="DO1">
                  <block type="variables_set" id="c?}BwV9^E27h+xeQ|$qk">
                    <field name="VAR" id="kB:/-e8nfoc^+v!n-CsX">aPressed</field>
                    <value name="VALUE">
                      <block type="logic_boolean" id="9_%vcE[ceCV7]f];Y?ay">
                        <field name="BOOL">FALSE</field>
                      </block>
                    </value>
                  </block>
                </statement>
                <value name="IF2">
                  <block type="logic_compare" id="@QN`fbdr]rt=uY{[9!46">
                    <field name="OP">EQ</field>
                    <value name="A">
                      <block type="variables_get" id="=M,U{Hu+0s$mSbV:@L#m">
                        <field name="VAR" id="q%?wao.jxK|;3^N!NinC">ch</field>
                      </block>
                    </value>
                    <value name="B">
                      <block type="text" id="R]zDdi*@54`YYIIg]X]u">
                        <field name="TEXT">s</field>
                      </block>
                    </value>
                  </block>
                </value>
                <statement name="DO2">
                  <block type="variables_set" id="V)BE(HG[a#Z$4AF9O@r$">
                    <field name="VAR" id="5%aKHI_j)=]qgbZ-]tSB">sPressed</field>
                    <value name="VALUE">
                      <block type="logic_boolean" id="QA26JD%)E3`n)%-=Y5)V">
                        <field name="BOOL">FALSE</field>
                      </block>
                    </value>
                  </block>
                </statement>
                <value name="IF3">
                  <block type="logic_compare" id="~/-1@X2CXdSH3A)`bB`O">
                    <field name="OP">EQ</field>
                    <value name="A">
                      <block type="variables_get" id="[Cd~WnCO2Tkl8n!~iqiy">
                        <field name="VAR" id="q%?wao.jxK|;3^N!NinC">ch</field>
                      </block>
                    </value>
                    <value name="B">
                      <block type="text" id="Ru|gOET?e0MwE|D|opRm">
                        <field name="TEXT">d</field>
                      </block>
                    </value>
                  </block>
                </value>
                <statement name="DO3">
                  <block type="variables_set" id="p4qa,:2Wu$.hujoQ6MZw">
                    <field name="VAR" id="#,p1]:^wCjqhnA;,5_`g">dPressed</field>
                    <value name="VALUE">
                      <block type="logic_boolean" id="B/k~$$Z.+Yg(qcB-?`2G">
                        <field name="BOOL">FALSE</field>
                      </block>
                    </value>
                  </block>
                </statement>
              </block>
            </next>
          </block>
        </statement>
        <next>
          <block type="controls_if" id="j~jW8YIf6znsaV1sgcl/">
            <value name="IF0">
              <block type="variables_get" id="i{e%M7;M+4ZflM/I4@fM">
                <field name="VAR" id="X^/*H,EDVOD%9ds}3o$e">wPressed</field>
              </block>
            </value>
            <statement name="DO0">
              <block type="setattribute" id="N1HDK:F_vU#k!GR7f(Re">
                <field name="ATTRIBUTE">rect.y</field>
                <value name="OBJECT">
                  <block type="variables_get" id="KM0VEFh?!h-V},u-%FS~">
                    <field name="VAR" id="~-5CYD.8%gA_=U#Q0(8N">sprite</field>
                  </block>
                </value>
                <value name="VALUE">
                  <block type="math_arithmetic" id="]S}`(jan%lP$Z|Swo$y~">
                    <field name="OP">MINUS</field>
                    <value name="A">
                      <shadow type="math_number" id="4}~;WDUa[zZ*EDO#7DVq">
                        <field name="NUM">1</field>
                      </shadow>
                      <block type="getattribute" id="+a;dg?*~n*yxoI)t{sT?">
                        <field name="ATTRIBUTE">rect.y</field>
                        <value name="OBJECT">
                          <block type="variables_get" id=",1vKKr`V7My9NR]+~RR[">
                            <field name="VAR" id="~-5CYD.8%gA_=U#Q0(8N">sprite</field>
                          </block>
                        </value>
                      </block>
                    </value>
                    <value name="B">
                      <shadow type="math_number" id="$ch21Gmix@7IJCHW_}e2">
                        <field name="NUM">10</field>
                      </shadow>
                    </value>
                  </block>
                </value>
              </block>
            </statement>
            <next>
              <block type="controls_if" id="e6+uk%)AIYCWWGfPi@8g">
                <value name="IF0">
                  <block type="variables_get" id="=ai6~wir*1]]$PTMXAuZ">
                    <field name="VAR" id="kB:/-e8nfoc^+v!n-CsX">aPressed</field>
                  </block>
                </value>
                <statement name="DO0">
                  <block type="setattribute" id=")wK^U9DbLA`*iI~=~o8I">
                    <field name="ATTRIBUTE">rect.x</field>
                    <value name="OBJECT">
                      <block type="variables_get" id="6|t=?0$mvyA#up={mYHO">
                        <field name="VAR" id="~-5CYD.8%gA_=U#Q0(8N">sprite</field>
                      </block>
                    </value>
                    <value name="VALUE">
                      <block type="math_arithmetic" id="eS:e|BU_pG!bhIiG^fFJ">
                        <field name="OP">MINUS</field>
                        <value name="A">
                          <shadow type="math_number">
                            <field name="NUM">1</field>
                          </shadow>
                          <block type="getattribute" id="~H[S{JH[|Wt8[Ip]O7z2">
                            <field name="ATTRIBUTE">rect.x</field>
                            <value name="OBJECT">
                              <block type="variables_get" id="pdC{+v1qiUiOjJt),4l%">
                                <field name="VAR" id="~-5CYD.8%gA_=U#Q0(8N">sprite</field>
                              </block>
                            </value>
                          </block>
                        </value>
                        <value name="B">
                          <shadow type="math_number" id=")v}xsp9d:JICDW1DkI#O">
                            <field name="NUM">10</field>
                          </shadow>
                        </value>
                      </block>
                    </value>
                  </block>
                </statement>
                <next>
                  <block type="controls_if" id="K2xyGe*Pwh-hCUHo`AfU">
                    <value name="IF0">
                      <block type="variables_get" id="^9[32/@slKg9Eq(u=?+G">
                        <field name="VAR" id="5%aKHI_j)=]qgbZ-]tSB">sPressed</field>
                      </block>
                    </value>
                    <statement name="DO0">
                      <block type="setattribute" id="Gy92MzW]J[;6AsOI#^Sz">
                        <field name="ATTRIBUTE">rect.y</field>
                        <value name="OBJECT">
                          <block type="variables_get" id="q3Z*VL8%dDsl=895?S~S">
                            <field name="VAR" id="~-5CYD.8%gA_=U#Q0(8N">sprite</field>
                          </block>
                        </value>
                        <value name="VALUE">
                          <block type="math_arithmetic" id=".%x]`;?DSYd]#+h}BOxV">
                            <field name="OP">ADD</field>
                            <value name="A">
                              <shadow type="math_number">
                                <field name="NUM">1</field>
                              </shadow>
                              <block type="getattribute" id="YN-vJQ5,4D]twfAN]otb">
                                <field name="ATTRIBUTE">rect.y</field>
                                <value name="OBJECT">
                                  <block type="variables_get" id="B^3w-rD1W)ojX2np9Xvt">
                                    <field name="VAR" id="~-5CYD.8%gA_=U#Q0(8N">sprite</field>
                                  </block>
                                </value>
                              </block>
                            </value>
                            <value name="B">
                              <shadow type="math_number" id="kOzkMUE-Cu7OtrhrZk+;">
                                <field name="NUM">10</field>
                              </shadow>
                            </value>
                          </block>
                        </value>
                      </block>
                    </statement>
                    <next>
                      <block type="controls_if" id=")v0.qz,F3/ubSzS#q}]:">
                        <value name="IF0">
                          <block type="variables_get" id="B0G/pUvLQOyAl1oaimxd">
                            <field name="VAR" id="#,p1]:^wCjqhnA;,5_`g">dPressed</field>
                          </block>
                        </value>
                        <statement name="DO0">
                          <block type="setattribute" id="]Z0cQqU?i?~{;qBwC@(F">
                            <field name="ATTRIBUTE">rect.x</field>
                            <value name="OBJECT">
                              <block type="variables_get" id="znwB==z-DGG:zG$_wXSz">
                                <field name="VAR" id="~-5CYD.8%gA_=U#Q0(8N">sprite</field>
                              </block>
                            </value>
                            <value name="VALUE">
                              <block type="math_arithmetic" id="*2a}(?m#A-~)WpGCC`10">
                                <field name="OP">ADD</field>
                                <value name="A">
                                  <shadow type="math_number">
                                    <field name="NUM">1</field>
                                  </shadow>
                                  <block type="getattribute" id="V~@kl-srO?`LmAs1sE;B">
                                    <field name="ATTRIBUTE">rect.x</field>
                                    <value name="OBJECT">
                                      <block type="variables_get" id="W=[aO#|X8k%8/}GWAwY(">
                                        <field name="VAR" id="~-5CYD.8%gA_=U#Q0(8N">sprite</field>
                                      </block>
                                    </value>
                                  </block>
                                </value>
                                <value name="B">
                                  <shadow type="math_number" id="#V#p{(`AK:48.5ns$!ev">
                                    <field name="NUM">10</field>
                                  </shadow>
                                </value>
                              </block>
                            </value>
                          </block>
                        </statement>
                      </block>
                    </next>
                  </block>
                </next>
              </block>
            </next>
          </block>
        </next>
      </block>
    </statement>
  </block>
</xml>