<xml xmlns="https://developers.google.com/blockly/xml">
  <variables>
    <variable id="l2ug)Cvh^-AIDAj[aO1J">startTime</variable>
    <variable id="/^mA.iYZEzJE+f@7Bz?`">surface</variable>
    <variable id="JJ$iW=?^skR[l%]S)%OS">elapsedTime</variable>
    <variable id="D5dulKY?!^,B![y~85Iq">x</variable>
  </variables>
  <block type="pygameinit" id="67_yvU@DD/@3j@uv=+%a" x="13" y="88">
    <next>
      <block type="setcaption" id="b5jWu-r9EzE_!D7,fmk-">
        <value name="TITLE">
          <block type="text" id="61uv^4N;oT+-CHBtnpV6">
            <field name="TEXT">Move Circle Application</field>
          </block>
        </value>
        <next>
          <block type="variables_set" id="L*x$k1)9o|PkXkNx/d(y">
            <field name="VAR" id="l2ug)Cvh^-AIDAj[aO1J">startTime</field>
            <value name="VALUE">
              <block type="currenttime" id="f}bXvcx2J@6dtR./g4(?"></block>
            </value>
            <next>
              <block type="variables_set" id="m|306;dc;XQ[:Z4+MtRJ">
                <field name="VAR" id="/^mA.iYZEzJE+f@7Bz?`">surface</field>
                <value name="VALUE">
                  <block type="partialscreen" id=".}4HvY/E$PJ[c+AtH{jj">
                    <value name="WIDTH">
                      <block type="math_number" id="4}5usR(PSgrJ}F:+2|x%">
                        <field name="NUM">400</field>
                      </block>
                    </value>
                    <value name="HEIGHT">
                      <block type="math_number" id="fl/VtohnXzN?#/z[i$m*">
                        <field name="NUM">200</field>
                      </block>
                    </value>
                    <value name="MODE">
                      <block type="screenmode" id="zgA+U]3SRVvRuRjHod2M">
                        <field name="MODE">RESIZABLE</field>
                      </block>
                    </value>
                  </block>
                </value>
                <next>
                  <block type="variables_set" id="v`ilP^DG$byc^+2w)o1y">
                    <field name="VAR" id="JJ$iW=?^skR[l%]S)%OS">elapsedTime</field>
                    <value name="VALUE">
                      <block type="math_number" id="]vJtsPILVMXjzefLzTBf">
                        <field name="NUM">0</field>
                      </block>
                    </value>
                    <next>
                      <block type="variables_set" id="YcjB9^~Vg96uTt*ph#_t">
                        <field name="VAR" id="D5dulKY?!^,B![y~85Iq">x</field>
                        <value name="VALUE">
                          <block type="math_number" id="rHF]){F`%Dzh2]G2Y5rg">
                            <field name="NUM">100</field>
                          </block>
                        </value>
                        <next>
                          <block type="controls_whileUntil" id="F:%ql8KrxBz?cU!WX6,x">
                            <field name="MODE">WHILE</field>
                            <value name="BOOL">
                              <block type="logic_compare" id="DE=MX^TrgN*d|t|Lxaqi">
                                <field name="OP">LT</field>
                                <value name="A">
                                  <block type="variables_get" id="v$KZ=k^sSf91lJMu:[7-">
                                    <field name="VAR" id="JJ$iW=?^skR[l%]S)%OS">elapsedTime</field>
                                  </block>
                                </value>
                                <value name="B">
                                  <block type="math_number" id="HZ3dC#.x:ClRbS_Y:wq(">
                                    <field name="NUM">10</field>
                                  </block>
                                </value>
                              </block>
                            </value>
                            <statement name="DO">
                              <block type="variables_set" id="7l:mYon/hj7S_l(+9JKR">
                                <field name="VAR" id="JJ$iW=?^skR[l%]S)%OS">elapsedTime</field>
                                <value name="VALUE">
                                  <block type="elapsedtime" id="R_]$K4_lrNwCmi~w|*Nl">
                                    <value name="STARTTIME">
                                      <block type="variables_get" id="/BK[^WX`Mo@`xYhY7Aog">
                                        <field name="VAR" id="l2ug)Cvh^-AIDAj[aO1J">startTime</field>
                                      </block>
                                    </value>
                                  </block>
                                </value>
                                <next>
                                  <block type="variables_set" id="U;PG]RZgkL!4v#bDOEH|">
                                    <field name="VAR" id="D5dulKY?!^,B![y~85Iq">x</field>
                                    <value name="VALUE">
                                      <block type="math_arithmetic" id="0kdy+h1eWqR7/7LPA-Zb">
                                        <field name="OP">ADD</field>
                                        <value name="A">
                                          <shadow type="math_number" id="kBjJmyHy_]s/7yr(Zme!">
                                            <field name="NUM">1</field>
                                          </shadow>
                                          <block type="variables_get" id="fb/FASgYFL^oOw2J`=L|">
                                            <field name="VAR" id="D5dulKY?!^,B![y~85Iq">x</field>
                                          </block>
                                        </value>
                                        <value name="B">
                                          <shadow type="math_number" id="Y[#bIv%G`;Swd}8JR$))">
                                            <field name="NUM">1</field>
                                          </shadow>
                                        </value>
                                      </block>
                                    </value>
                                    <next>
                                      <block type="fillsurface" id=",{40njy.?.~5kVA_,*se">
                                        <value name="SURFACE">
                                          <block type="variables_get" id="Cty](,Y{^)8qv#-ZfM!g">
                                            <field name="VAR" id="/^mA.iYZEzJE+f@7Bz?`">surface</field>
                                          </block>
                                        </value>
                                        <value name="COLOR">
                                          <block type="colour_picker" id="kh**{*_d)))G6Ot@-gaZ">
                                            <field name="COLOUR">#333300</field>
                                          </block>
                                        </value>
                                        <next>
                                          <block type="drawcircle" id="rvtjPAUAI}T+zU8|)~+j">
                                            <value name="SURFACE">
                                              <block type="variables_get" id="K:*|gAk9)2JVY*Op]cVT">
                                                <field name="VAR" id="/^mA.iYZEzJE+f@7Bz?`">surface</field>
                                              </block>
                                            </value>
                                            <value name="POSITION">
                                              <block type="position" id="H7HQVNX8ug+cY%mS.V:p">
                                                <value name="X">
                                                  <block type="variables_get" id="9P%r%|1)(l%VRw+5^EK@">
                                                    <field name="VAR" id="D5dulKY?!^,B![y~85Iq">x</field>
                                                  </block>
                                                </value>
                                                <value name="Y">
                                                  <block type="math_number" id="6FdIWjL0`7X2O|^9I3r,">
                                                    <field name="NUM">100</field>
                                                  </block>
                                                </value>
                                              </block>
                                            </value>
                                            <value name="COLOR">
                                              <block type="colour_picker" id=";/5RJlEz8_A2Mf.he+i.">
                                                <field name="COLOUR">#ffff00</field>
                                              </block>
                                            </value>
                                            <value name="RADIUS">
                                              <block type="math_number" id="rn[MK~*mZ%QI6E/(x%#=">
                                                <field name="NUM">50</field>
                                              </block>
                                            </value>
                                            <next>
                                              <block type="wait" id="N%PtjsJmxx-mrSZZ0PxK">
                                                <value name="SECONDS">
                                                  <block type="math_number" id="Zi5=rT0$!nE#!1H=NRq5">
                                                    <field name="NUM">0.04</field>
                                                  </block>
                                                </value>
                                              </block>
                                            </next>
                                          </block>
                                        </next>
                                      </block>
                                    </next>
                                  </block>
                                </next>
                              </block>
                            </statement>
                          </block>
                        </next>
                      </block>
                    </next>
                  </block>
                </next>
              </block>
            </next>
          </block>
        </next>
      </block>
    </next>
  </block>
</xml>