<xml xmlns="https://developers.google.com/blockly/xml">
  <variables>
    <variable id="*3q)~_P6:r?%:(rw*f}q">msg</variable>
    <variable id="B(7vTce8Gz)h443fNs.;">message</variable>
    <variable id="A-;yMmc@7[%8}{/_-(RB">ok</variable>
    <variable id="/^mA.iYZEzJE+f@7Bz?`">surface</variable>
    <variable id="g~t7!eA0W4f7m.`}EodA">text</variable>
    <variable id="]soY?@.`N=XxpIdjkrdu">textRect</variable>
    <variable id=",8@j[{VlR6KlIbXas$HS">event</variable>
    <variable id="!HY#?-^9e=|JJjW{x[yl">quit</variable>
    <variable id="R*EH{=GlxH94L:OEds6l">okImage</variable>
    <variable id="a$P6J;`WCREKo}H9Pxz.">okRect</variable>
    <variable id=":]LR,WUHceI+ipfffT]f">cancelRect</variable>
    <variable id="FplgO8m*~Efxd*o@a!ub">cancelImage</variable>
  </variables>
  <block type="procedures_defnoreturn" id="09xa#3s`vrqh:`yuucA4" x="-63" y="-488">
    <mutation>
      <arg name="msg" varid="*3q)~_P6:r?%:(rw*f}q"></arg>
    </mutation>
    <field name="NAME">initOkCancel</field>
    <comment pinned="false" h="80" w="160">Describe this function...</comment>
    <statement name="STACK">
      <block type="fillsurface" id="9TX3hi97vuYj^+X[)=^4">
        <value name="SURFACE">
          <block type="variables_get" id="bURBwEN3SJeLKp%JSuN.">
            <field name="VAR" id="/^mA.iYZEzJE+f@7Bz?`">surface</field>
          </block>
        </value>
        <value name="COLOR">
          <block type="colour_picker" id="|2fbpb/=P3%Hf]hYWFEg">
            <field name="COLOUR">#ffffff</field>
          </block>
        </value>
        <next>
          <block type="variables_set" id="];l)mG6d#NdwAabK+ghR">
            <field name="VAR" id="g~t7!eA0W4f7m.`}EodA">text</field>
            <value name="VALUE">
              <block type="rendertext" id="0)-QP(y9UoYhnf6jt4BW">
                <value name="TEXT">
                  <block type="variables_get" id="O$94tx*:23G}cP1cp087">
                    <field name="VAR" id="*3q)~_P6:r?%:(rw*f}q">msg</field>
                  </block>
                </value>
                <value name="COLOR">
                  <block type="colour_picker" id="ri1uy-u.sWaRbU,@[7!=">
                    <field name="COLOUR">#ff0000</field>
                  </block>
                </value>
              </block>
            </value>
            <next>
              <block type="variables_set" id="!qArMX/;||m6X|zCx3#V">
                <field name="VAR" id="]soY?@.`N=XxpIdjkrdu">textRect</field>
                <value name="VALUE">
                  <block type="getrect" id="Z/;N^$ehpN,3Ud(V!~J8">
                    <value name="OBJECT">
                      <block type="variables_get" id="N0@K[v%vLPN!@f4cWfff">
                        <field name="VAR" id="g~t7!eA0W4f7m.`}EodA">text</field>
                      </block>
                    </value>
                  </block>
                </value>
                <next>
                  <block type="centerrect" id="$/6I)Kq52hyHR+Q_io~P">
                    <value name="RECT">
                      <block type="variables_get" id="L[XPM-r5,S5QNwI=n.Ov">
                        <field name="VAR" id="]soY?@.`N=XxpIdjkrdu">textRect</field>
                      </block>
                    </value>
                    <value name="X">
                      <block type="math_number" id="0Wu#@rsx6hbEfEJu]V-d">
                        <field name="NUM">200</field>
                      </block>
                    </value>
                    <value name="Y">
                      <block type="math_number" id="6V3rv1L%hb.i8miH.AZd">
                        <field name="NUM">100</field>
                      </block>
                    </value>
                    <next>
                      <block type="drawtext" id="|Q,+fvi,HUlk|N8Xp,[-">
                        <value name="TEXT">
                          <block type="variables_get" id="6gI{QUAq8@st(EF`k)|r">
                            <field name="VAR" id="g~t7!eA0W4f7m.`}EodA">text</field>
                          </block>
                        </value>
                        <value name="RECT">
                          <block type="variables_get" id="P}CU8=wRqcN*(sgWG0^a">
                            <field name="VAR" id="]soY?@.`N=XxpIdjkrdu">textRect</field>
                          </block>
                        </value>
                        <value name="SURFACE">
                          <block type="variables_get" id="G]]0l00t/Cb3Q+g@B[ee">
                            <field name="VAR" id="/^mA.iYZEzJE+f@7Bz?`">surface</field>
                          </block>
                        </value>
                        <next>
                          <block type="variables_set" id="Vx`ia{#C.J6raBtXG?K4">
                            <field name="VAR" id="R*EH{=GlxH94L:OEds6l">okImage</field>
                            <value name="VALUE">
                              <block type="loadimage" id="Wk#G*:R5`bey7{+[4+bK">
                                <value name="FILENAME">
                                  <block type="text" id="%-E|qZ2R4H43c^epENN_">
                                    <field name="TEXT">ok.jpg</field>
                                  </block>
                                </value>
                              </block>
                            </value>
                            <next>
                              <block type="drawimage" id="g-@5d^~I:N[K~$Q]b!30">
                                <value name="IMAGE">
                                  <block type="variables_get" id="hMJ~Zz2MHLjVNbojZ5nU">
                                    <field name="VAR" id="R*EH{=GlxH94L:OEds6l">okImage</field>
                                  </block>
                                </value>
                                <value name="SURFACE">
                                  <block type="variables_get" id="ap^]$7/#Meq)*tw2wg;3">
                                    <field name="VAR" id="/^mA.iYZEzJE+f@7Bz?`">surface</field>
                                  </block>
                                </value>
                                <value name="POSITION">
                                  <block type="position" id="/pv.yK9}APTpS-*hm#BM">
                                    <value name="X">
                                      <block type="math_number" id="E`St_bNl6Z-1o#WCfBye">
                                        <field name="NUM">100</field>
                                      </block>
                                    </value>
                                    <value name="Y">
                                      <block type="math_number" id="-.oym{x9/3jep8s:)q@)">
                                        <field name="NUM">300</field>
                                      </block>
                                    </value>
                                  </block>
                                </value>
                                <next>
                                  <block type="variables_set" id="BUA4ZmTjazoblK`^(+}7">
                                    <field name="VAR" id="a$P6J;`WCREKo}H9Pxz.">okRect</field>
                                    <value name="VALUE">
                                      <block type="imagetorect" id="0UTO}6*+Y%o7awLUx$H(">
                                        <value name="IMAGE">
                                          <block type="variables_get" id="oa-:2rCU8pgRnBvuU)J@">
                                            <field name="VAR" id="R*EH{=GlxH94L:OEds6l">okImage</field>
                                          </block>
                                        </value>
                                        <value name="POSITION">
                                          <block type="position" id="PZVq0{-/xZ9+i1W)|!zd">
                                            <value name="X">
                                              <block type="math_number" id="RPc().A0g[TM$.PnFT)4">
                                                <field name="NUM">100</field>
                                              </block>
                                            </value>
                                            <value name="Y">
                                              <block type="math_number" id="IZC48X)EM-e|R2Ny7}E{">
                                                <field name="NUM">300</field>
                                              </block>
                                            </value>
                                          </block>
                                        </value>
                                      </block>
                                    </value>
                                    <next>
                                      <block type="variables_set" id="CDJK+AwByKX-W9NW6_6o">
                                        <field name="VAR" id="FplgO8m*~Efxd*o@a!ub">cancelImage</field>
                                        <value name="VALUE">
                                          <block type="loadimage" id="Iw7#/BT-l?@z01z.nn:g">
                                            <value name="FILENAME">
                                              <block type="text" id=";kJbRVOO}2J[+^zd4Ll_">
                                                <field name="TEXT">cancel.jpg</field>
                                              </block>
                                            </value>
                                          </block>
                                        </value>
                                        <next>
                                          <block type="drawimage" id="KHMc,nu*vOH}UaW0XM)l">
                                            <value name="IMAGE">
                                              <block type="variables_get" id="|ui~7SiW=7.^*Ivt7F8]">
                                                <field name="VAR" id="FplgO8m*~Efxd*o@a!ub">cancelImage</field>
                                              </block>
                                            </value>
                                            <value name="SURFACE">
                                              <block type="variables_get" id="!!y[WY`f#K?^fVzkz0g~">
                                                <field name="VAR" id="/^mA.iYZEzJE+f@7Bz?`">surface</field>
                                              </block>
                                            </value>
                                            <value name="POSITION">
                                              <block type="position" id="9RVx`j`S}8[spslC^/#P">
                                                <value name="X">
                                                  <block type="math_number" id="),l0f7^:j|?WEjKi0!jZ">
                                                    <field name="NUM">300</field>
                                                  </block>
                                                </value>
                                                <value name="Y">
                                                  <block type="math_number" id="z5fV(1^M/X.MOkq:Zh7s">
                                                    <field name="NUM">300</field>
                                                  </block>
                                                </value>
                                              </block>
                                            </value>
                                            <next>
                                              <block type="variables_set" id="F8#7}goXb7[{eyuCFc?0">
                                                <field name="VAR" id=":]LR,WUHceI+ipfffT]f">cancelRect</field>
                                                <value name="VALUE">
                                                  <block type="imagetorect" id="a`uZ~zu+0L,)|*[h-aq$">
                                                    <value name="IMAGE">
                                                      <block type="variables_get" id="YN=b9tU_G|6IRq@bsR)}">
                                                        <field name="VAR" id="FplgO8m*~Efxd*o@a!ub">cancelImage</field>
                                                      </block>
                                                    </value>
                                                    <value name="POSITION">
                                                      <block type="position" id="T#Uk$|[_Sm9{Z[fX#Yg{">
                                                        <value name="X">
                                                          <block type="math_number" id="tnloi1.WpAUB?#_0r*JP">
                                                            <field name="NUM">300</field>
                                                          </block>
                                                        </value>
                                                        <value name="Y">
                                                          <block type="math_number" id=")T2hndEpM2)G4O$tu05i">
                                                            <field name="NUM">300</field>
                                                          </block>
                                                        </value>
                                                      </block>
                                                    </value>
                                                  </block>
                                                </value>
                                                <next>
                                                  <block type="variables_set" id="y@Da,M`Cg|t%mX9wq2x;">
                                                    <field name="VAR" id="!HY#?-^9e=|JJjW{x[yl">quit</field>
                                                    <value name="VALUE">
                                                      <block type="logic_boolean" id="A(q:HM*Dw!d%[H+z5aFC">
                                                        <field name="BOOL">FALSE</field>
                                                      </block>
                                                    </value>
                                                  </block>
                                                </next>
                                              </block>
                                            </next>
                                          </block>
                                        </next>
                                      </block>
                                    </next>
                                  </block>
                                </next>
                              </block>
                            </next>
                          </block>
                        </next>
                      </block>
                    </next>
                  </block>
                </next>
              </block>
            </next>
          </block>
        </next>
      </block>
    </statement>
  </block>
  <block type="procedures_defreturn" id="Eh{=O6y4At~JD0^T({bb" x="-63" y="38">
    <mutation>
      <arg name="message" varid="B(7vTce8Gz)h443fNs.;"></arg>
    </mutation>
    <field name="NAME">okCancel</field>
    <comment pinned="false" h="80" w="160">Describe this function...</comment>
    <statement name="STACK">
      <block type="procedures_callnoreturn" id="[SdceG$N}Q26bD5MWg:a">
        <mutation name="initOkCancel">
          <arg name="msg"></arg>
        </mutation>
        <value name="ARG0">
          <block type="variables_get" id="jWi{mc?ilO8Sw5;xRanu">
            <field name="VAR" id="B(7vTce8Gz)h443fNs.;">message</field>
          </block>
        </value>
        <next>
          <block type="controls_whileUntil" id="~^OW6NW-bfsoh*Vo[o-.">
            <field name="MODE">WHILE</field>
            <value name="BOOL">
              <block type="logic_negate" id="9PnH4z=rv%7IY6y}h/nA">
                <value name="BOOL">
                  <block type="variables_get" id="KdUvH/w911Llg1kJ?BxV">
                    <field name="VAR" id="!HY#?-^9e=|JJjW{x[yl">quit</field>
                  </block>
                </value>
              </block>
            </value>
            <statement name="DO">
              <block type="controls_forEach" id="i^Bx}FitJWmiM_{)eVj_">
                <field name="VAR" id=",8@j[{VlR6KlIbXas$HS">event</field>
                <value name="LIST">
                  <block type="pygameevent" id="2:OGt(koP4$sTuoa@^Nf"></block>
                </value>
                <statement name="DO">
                  <block type="controls_if" id="+#ZD9_Ue]-1B8?xM2G)f">
                    <mutation elseif="1"></mutation>
                    <value name="IF0">
                      <block type="logic_compare" id="}`_awM(saOxXm.*`4Er]">
                        <field name="OP">EQ</field>
                        <value name="A">
                          <block type="eventtype" id="~Tny~owz#aM8gSzT4rr-">
                            <value name="EVENT">
                              <block type="variables_get" id="a$RC6{Sk;n}C@S1~A3j^">
                                <field name="VAR" id=",8@j[{VlR6KlIbXas$HS">event</field>
                              </block>
                            </value>
                          </block>
                        </value>
                        <value name="B">
                          <block type="events" id="d7vn)q^mAz%`P60[-0{B">
                            <field name="EVENT">QUIT</field>
                          </block>
                        </value>
                      </block>
                    </value>
                    <statement name="DO0">
                      <block type="variables_set" id="W#)XrGeO`QH~0FN8pEHW">
                        <field name="VAR" id="!HY#?-^9e=|JJjW{x[yl">quit</field>
                        <value name="VALUE">
                          <block type="logic_boolean" id="S|W+GjNUH4*=7K*Eti3m">
                            <field name="BOOL">TRUE</field>
                          </block>
                        </value>
                      </block>
                    </statement>
                    <value name="IF1">
                      <block type="logic_compare" id="q`q9Nxn_{jF!aOfhz-L_">
                        <field name="OP">EQ</field>
                        <value name="A">
                          <block type="eventtype" id="Zw~FLCwo{nK`ZmP,Z3dQ">
                            <value name="EVENT">
                              <block type="variables_get" id="boZ/h@C8v-D6;)hO:y2b">
                                <field name="VAR" id=",8@j[{VlR6KlIbXas$HS">event</field>
                              </block>
                            </value>
                          </block>
                        </value>
                        <value name="B">
                          <block type="events" id="7*`?~I.|jcs-r4%K5D%W">
                            <field name="EVENT">MOUSEBUTTONDOWN</field>
                          </block>
                        </value>
                      </block>
                    </value>
                    <statement name="DO1">
                      <block type="controls_if" id="ig]zAV-u33m7;revJz7)">
                        <mutation elseif="1"></mutation>
                        <value name="IF0">
                          <block type="collidepoint" id="p2A(2qa.,YzuQ%MaCZ,m">
                            <value name="RECT">
                              <block type="variables_get" id="9:LF!n![KI7HT*Q]A$:*">
                                <field name="VAR" id="a$P6J;`WCREKo}H9Pxz.">okRect</field>
                              </block>
                            </value>
                            <value name="POSITION">
                              <block type="mouseposition" id="!.pTP;K9Ds|WN%%NLqPH"></block>
                            </value>
                          </block>
                        </value>
                        <statement name="DO0">
                          <block type="variables_set" id="iyF7SUm|iQ1sOjl|(36S">
                            <field name="VAR" id="!HY#?-^9e=|JJjW{x[yl">quit</field>
                            <value name="VALUE">
                              <block type="logic_boolean" id="eZG%z)6*(WHK5/7i)2]f">
                                <field name="BOOL">TRUE</field>
                              </block>
                            </value>
                            <next>
                              <block type="variables_set" id="*tib+7oQmh!C}~9%)g2/">
                                <field name="VAR" id="A-;yMmc@7[%8}{/_-(RB">ok</field>
                                <value name="VALUE">
                                  <block type="logic_boolean" id="Iu_{43k1-MRkfVs1-|@C">
                                    <field name="BOOL">TRUE</field>
                                  </block>
                                </value>
                              </block>
                            </next>
                          </block>
                        </statement>
                        <value name="IF1">
                          <block type="collidepoint" id="qy?t]Jo!c=0]{PYMCOcL">
                            <value name="RECT">
                              <block type="variables_get" id="2Y!FNl4XZP~M@x.8BcJP">
                                <field name="VAR" id=":]LR,WUHceI+ipfffT]f">cancelRect</field>
                              </block>
                            </value>
                            <value name="POSITION">
                              <block type="mouseposition" id="+=;{?w{Is:ANSQB*Ovs)"></block>
                            </value>
                          </block>
                        </value>
                        <statement name="DO1">
                          <block type="variables_set" id="M/a{GTJL1qoc:lb#~qJ%">
                            <field name="VAR" id="!HY#?-^9e=|JJjW{x[yl">quit</field>
                            <value name="VALUE">
                              <block type="logic_boolean" id="h~3[QH|qtHJ6^R=2Nz=s">
                                <field name="BOOL">TRUE</field>
                              </block>
                            </value>
                          </block>
                        </statement>
                      </block>
                    </statement>
                  </block>
                </statement>
              </block>
            </statement>
          </block>
        </next>
      </block>
    </statement>
    <value name="RETURN">
      <block type="variables_get" id="FIHL_$aUK+cKXCV@!gb[">
        <field name="VAR" id="A-;yMmc@7[%8}{/_-(RB">ok</field>
      </block>
    </value>
  </block>
  <block type="pygameinit" id="67_yvU@DD/@3j@uv=+%a" x="-62" y="513">
    <next>
      <block type="imports" id="Tm!Z)x[(;M#2Lfc:h=A}">
        <next>
          <block type="setcaption" id="kXNunFv[gN,5dc{#crn=">
            <value name="TITLE">
              <block type="text" id="eLY,`X8-8TWd4#^g!k_e">
                <field name="TEXT">Message Box</field>
              </block>
            </value>
            <next>
              <block type="variables_set" id="m|306;dc;XQ[:Z4+MtRJ">
                <field name="VAR" id="/^mA.iYZEzJE+f@7Bz?`">surface</field>
                <value name="VALUE">
                  <block type="partialscreen" id="F@t]+Cn1y7:U$]OAf,.Q">
                    <value name="WIDTH">
                      <block type="math_number" id="O]_h3hweT$25:2BfvZZ~">
                        <field name="NUM">500</field>
                      </block>
                    </value>
                    <value name="HEIGHT">
                      <block type="math_number" id="JIdhr^%9B(?!l1y[~]x_">
                        <field name="NUM">400</field>
                      </block>
                    </value>
                    <value name="MODE">
                      <block type="screenmode" id="uuyO;e|8d2gEWNK./)SF">
                        <field name="MODE">RESIZABLE</field>
                      </block>
                    </value>
                  </block>
                </value>
                <next>
                  <block type="controls_if" id="e-yTPSH60?S:KU?_cUcP">
                    <mutation else="1"></mutation>
                    <value name="IF0">
                      <block type="procedures_callreturn" id="gcP;!17N#3.IG]OUd(P5">
                        <mutation name="okCancel">
                          <arg name="message"></arg>
                        </mutation>
                        <value name="ARG0">
                          <block type="text" id="Q.O]R9]i!(Ya^Lhn7D:Y">
                            <field name="TEXT">Continue?</field>
                          </block>
                        </value>
                      </block>
                    </value>
                    <statement name="DO0">
                      <block type="text_print" id="1.PhRqhlift$XEyLWcc[">
                        <value name="TEXT">
                          <shadow type="text" id="o7ROZg3iIu:h-AQKpX[=">
                            <field name="TEXT">You would like to continue</field>
                          </shadow>
                        </value>
                      </block>
                    </statement>
                    <statement name="ELSE">
                      <block type="text_print" id="_TH`HiFZ?3d;R7cwc~=?">
                        <value name="TEXT">
                          <shadow type="text" id=".U^g(Iw]X0WD|aw`%Ms3">
                            <field name="TEXT">You are done</field>
                          </shadow>
                        </value>
                      </block>
                    </statement>
                  </block>
                </next>
              </block>
            </next>
          </block>
        </next>
      </block>
    </next>
  </block>
</xml>