<xml xmlns="https://developers.google.com/blockly/xml">
  <variables>
    <variable id="GJP@n#kx6Hbr5I9`QBf2">event</variable>
    <variable id="~-5CYD.8%gA_=U#Q0(8N">sprite</variable>
    <variable id="DF4w:8{!H7D7?/Ch}7U8">ch</variable>
    <variable id="/^mA.iYZEzJE+f@7Bz?`">surface</variable>
    <variable id="X^/*H,EDVOD%9ds}3o$e">wPressed</variable>
    <variable id="c3R,)6+XZi;/L(x1.T^w">obstacle</variable>
    <variable id="kB:/-e8nfoc^+v!n-CsX">aPressed</variable>
    <variable id="5%aKHI_j)=]qgbZ-]tSB">sPressed</variable>
    <variable id="#,p1]:^wCjqhnA;,5_`g">dPressed</variable>
    <variable id="wIu3D(10J%ahmF:Q=@-,">rect</variable>
    <variable id="K!lW_c,JWo_gXlFk%,aM">playerImage</variable>
    <variable id="*Bohb3xs4R;,pXMMl?,O">image</variable>
    <variable id="g!8?#9?VH9!Z$1JS#+-X">drawList</variable>
    <variable id="*Z+sBXXYd`+dZKXW`f)S">obstacleList</variable>
    <variable id="BOYiV:!Cge1OOyV2.h!x">hitList</variable>
  </variables>
  <block type="procedures_defnoreturn" id=")dRUtU#D9WL$c?MAN?2B" x="463" y="-113">
    <mutation>
      <arg name="event" varid="GJP@n#kx6Hbr5I9`QBf2"></arg>
      <arg name="sprite" varid="~-5CYD.8%gA_=U#Q0(8N"></arg>
    </mutation>
    <field name="NAME">movePlayer</field>
    <comment pinned="false" h="80" w="160">Describe this function...</comment>
    <statement name="STACK">
      <block type="controls_if" id="myZ2,eqk^xA4Z[:RT19b">
        <mutation elseif="1"></mutation>
        <value name="IF0">
          <block type="logic_compare" id="{LQTUW7dlL(gY{J:nmyC">
            <field name="OP">EQ</field>
            <value name="A">
              <block type="eventtype" id="hiV[kE6)@j-=?.0}Q3XU">
                <value name="EVENT">
                  <block type="variables_get" id="47V1!Pb:R[K$K.;No(?R">
                    <field name="VAR" id="GJP@n#kx6Hbr5I9`QBf2">event</field>
                  </block>
                </value>
              </block>
            </value>
            <value name="B">
              <block type="events" id="Jmirlho[ur~r/NWai.EB">
                <field name="EVENT">KEYDOWN</field>
              </block>
            </value>
          </block>
        </value>
        <statement name="DO0">
          <block type="variables_set" id="z+Agg~j/yQc])53nRK%K">
            <field name="VAR" id="DF4w:8{!H7D7?/Ch}7U8">ch</field>
            <value name="VALUE">
              <block type="eventkey" id="GxRd,Gyxh%JjAVub9)aG">
                <value name="EVENT">
                  <block type="variables_get" id="y|oN!{-5s!;Iz7hJ[L8N">
                    <field name="VAR" id="GJP@n#kx6Hbr5I9`QBf2">event</field>
                  </block>
                </value>
              </block>
            </value>
            <next>
              <block type="controls_if" id="4ws`xwfgZ=[|Vobth;ov">
                <mutation elseif="3"></mutation>
                <value name="IF0">
                  <block type="logic_compare" id="ULj+5_yyw.?LgH~wxPqc">
                    <field name="OP">EQ</field>
                    <value name="A">
                      <block type="variables_get" id="@sC+{EArAU}nSjytKWUM">
                        <field name="VAR" id="DF4w:8{!H7D7?/Ch}7U8">ch</field>
                      </block>
                    </value>
                    <value name="B">
                      <block type="text" id="8Bue~?8-YCSD_T}MZfm-">
                        <field name="TEXT">w</field>
                      </block>
                    </value>
                  </block>
                </value>
                <statement name="DO0">
                  <block type="variables_set" id="h4mk~^rz/lREZ|+(P-lL">
                    <field name="VAR" id="X^/*H,EDVOD%9ds}3o$e">wPressed</field>
                    <value name="VALUE">
                      <block type="logic_boolean" id="!g6xkqK#zR6{#$f6J@:m">
                        <field name="BOOL">TRUE</field>
                      </block>
                    </value>
                  </block>
                </statement>
                <value name="IF1">
                  <block type="logic_compare" id="hi*OXvU5:N7eGcPINHR%">
                    <field name="OP">EQ</field>
                    <value name="A">
                      <block type="variables_get" id="pNr?7oL]1Av8YpnydSA(">
                        <field name="VAR" id="DF4w:8{!H7D7?/Ch}7U8">ch</field>
                      </block>
                    </value>
                    <value name="B">
                      <block type="text" id=";_7ck8dxCF[t-uN1ADM{">
                        <field name="TEXT">a</field>
                      </block>
                    </value>
                  </block>
                </value>
                <statement name="DO1">
                  <block type="variables_set" id="b5kk28+D~M)`AeLvDczf">
                    <field name="VAR" id="kB:/-e8nfoc^+v!n-CsX">aPressed</field>
                    <value name="VALUE">
                      <block type="logic_boolean" id="`($i/(OMwRx@c0MJYnx:">
                        <field name="BOOL">TRUE</field>
                      </block>
                    </value>
                  </block>
                </statement>
                <value name="IF2">
                  <block type="logic_compare" id="$UlvTM8I0$,le!)W)2UB">
                    <field name="OP">EQ</field>
                    <value name="A">
                      <block type="variables_get" id="?Dz((-tqqJ|IY0AYDcG5">
                        <field name="VAR" id="DF4w:8{!H7D7?/Ch}7U8">ch</field>
                      </block>
                    </value>
                    <value name="B">
                      <block type="text" id="eCfzO~g8cbzgf0f!W[k;">
                        <field name="TEXT">s</field>
                      </block>
                    </value>
                  </block>
                </value>
                <statement name="DO2">
                  <block type="variables_set" id="_75?sUw1H.pp.G,=a8J^">
                    <field name="VAR" id="5%aKHI_j)=]qgbZ-]tSB">sPressed</field>
                    <value name="VALUE">
                      <block type="logic_boolean" id="=!%#;|(v.^@k/QXz@Uh(">
                        <field name="BOOL">TRUE</field>
                      </block>
                    </value>
                  </block>
                </statement>
                <value name="IF3">
                  <block type="logic_compare" id="KtG?lBMMNgCywPJj4gP5">
                    <field name="OP">EQ</field>
                    <value name="A">
                      <block type="variables_get" id="n#,Ogr*{o54MS0c/sJx:">
                        <field name="VAR" id="DF4w:8{!H7D7?/Ch}7U8">ch</field>
                      </block>
                    </value>
                    <value name="B">
                      <block type="text" id="cv)V;JVH)VK1A2-X:FTP">
                        <field name="TEXT">d</field>
                      </block>
                    </value>
                  </block>
                </value>
                <statement name="DO3">
                  <block type="variables_set" id="%ETf2vNi%qT~F?{N~j!l">
                    <field name="VAR" id="#,p1]:^wCjqhnA;,5_`g">dPressed</field>
                    <value name="VALUE">
                      <block type="logic_boolean" id="ZFq88y[Tvce%sXx2-`wP">
                        <field name="BOOL">TRUE</field>
                      </block>
                    </value>
                  </block>
                </statement>
              </block>
            </next>
          </block>
        </statement>
        <value name="IF1">
          <block type="logic_compare" id="-EensC1V00AEmL3h;5v`">
            <field name="OP">EQ</field>
            <value name="A">
              <block type="eventtype" id="^GWTua6/vfef~pAZn2%l">
                <value name="EVENT">
                  <block type="variables_get" id="{S=2^N$iccdO-oM.6,~b">
                    <field name="VAR" id="GJP@n#kx6Hbr5I9`QBf2">event</field>
                  </block>
                </value>
              </block>
            </value>
            <value name="B">
              <block type="events" id="^Wg_T;Bre9DKrSDZ6;a(">
                <field name="EVENT">KEYUP</field>
              </block>
            </value>
          </block>
        </value>
        <statement name="DO1">
          <block type="variables_set" id="2Y=0DWxPB?6^|uI(_fEK">
            <field name="VAR" id="DF4w:8{!H7D7?/Ch}7U8">ch</field>
            <value name="VALUE">
              <block type="eventkey" id="_mvrBPe;:RuQ|GS6_EGt">
                <value name="EVENT">
                  <block type="variables_get" id="aLcy2XQG5?~DgQ-Nj#]e">
                    <field name="VAR" id="GJP@n#kx6Hbr5I9`QBf2">event</field>
                  </block>
                </value>
              </block>
            </value>
            <next>
              <block type="controls_if" id="`PO8v]a!%{1n70N%U7;)">
                <mutation elseif="3"></mutation>
                <value name="IF0">
                  <block type="logic_compare" id="ag5!ZRy-Sj}I!`pK2hp4">
                    <field name="OP">EQ</field>
                    <value name="A">
                      <block type="variables_get" id="nycsAI#5ju7Gp9$4Bp^5">
                        <field name="VAR" id="DF4w:8{!H7D7?/Ch}7U8">ch</field>
                      </block>
                    </value>
                    <value name="B">
                      <block type="text" id="Yq0nK#GKj$?LZ|$(/!sa">
                        <field name="TEXT">w</field>
                      </block>
                    </value>
                  </block>
                </value>
                <statement name="DO0">
                  <block type="variables_set" id="T;Fk26h]B#$sXxi(Vo7/">
                    <field name="VAR" id="X^/*H,EDVOD%9ds}3o$e">wPressed</field>
                    <value name="VALUE">
                      <block type="logic_boolean" id="TAJN}[M3+SO5%vO:gNvd">
                        <field name="BOOL">FALSE</field>
                      </block>
                    </value>
                  </block>
                </statement>
                <value name="IF1">
                  <block type="logic_compare" id="CLykgTd*85.v)X`;Ja^f">
                    <field name="OP">EQ</field>
                    <value name="A">
                      <block type="variables_get" id="vBYm~gk[3}l~qmv@]}0^">
                        <field name="VAR" id="DF4w:8{!H7D7?/Ch}7U8">ch</field>
                      </block>
                    </value>
                    <value name="B">
                      <block type="text" id="j[)VBQcgkW~qumhiSY,m">
                        <field name="TEXT">a</field>
                      </block>
                    </value>
                  </block>
                </value>
                <statement name="DO1">
                  <block type="variables_set" id="c?}BwV9^E27h+xeQ|$qk">
                    <field name="VAR" id="kB:/-e8nfoc^+v!n-CsX">aPressed</field>
                    <value name="VALUE">
                      <block type="logic_boolean" id="9_%vcE[ceCV7]f];Y?ay">
                        <field name="BOOL">FALSE</field>
                      </block>
                    </value>
                  </block>
                </statement>
                <value name="IF2">
                  <block type="logic_compare" id="@QN`fbdr]rt=uY{[9!46">
                    <field name="OP">EQ</field>
                    <value name="A">
                      <block type="variables_get" id="=M,U{Hu+0s$mSbV:@L#m">
                        <field name="VAR" id="DF4w:8{!H7D7?/Ch}7U8">ch</field>
                      </block>
                    </value>
                    <value name="B">
                      <block type="text" id="R]zDdi*@54`YYIIg]X]u">
                        <field name="TEXT">s</field>
                      </block>
                    </value>
                  </block>
                </value>
                <statement name="DO2">
                  <block type="variables_set" id="V)BE(HG[a#Z$4AF9O@r$">
                    <field name="VAR" id="5%aKHI_j)=]qgbZ-]tSB">sPressed</field>
                    <value name="VALUE">
                      <block type="logic_boolean" id="QA26JD%)E3`n)%-=Y5)V">
                        <field name="BOOL">FALSE</field>
                      </block>
                    </value>
                  </block>
                </statement>
                <value name="IF3">
                  <block type="logic_compare" id="~/-1@X2CXdSH3A)`bB`O">
                    <field name="OP">EQ</field>
                    <value name="A">
                      <block type="variables_get" id="[Cd~WnCO2Tkl8n!~iqiy">
                        <field name="VAR" id="DF4w:8{!H7D7?/Ch}7U8">ch</field>
                      </block>
                    </value>
                    <value name="B">
                      <block type="text" id="Ru|gOET?e0MwE|D|opRm">
                        <field name="TEXT">d</field>
                      </block>
                    </value>
                  </block>
                </value>
                <statement name="DO3">
                  <block type="variables_set" id="p4qa,:2Wu$.hujoQ6MZw">
                    <field name="VAR" id="#,p1]:^wCjqhnA;,5_`g">dPressed</field>
                    <value name="VALUE">
                      <block type="logic_boolean" id="B/k~$$Z.+Yg(qcB-?`2G">
                        <field name="BOOL">FALSE</field>
                      </block>
                    </value>
                  </block>
                </statement>
              </block>
            </next>
          </block>
        </statement>
        <next>
          <block type="controls_if" id="j~jW8YIf6znsaV1sgcl/">
            <value name="IF0">
              <block type="variables_get" id="i{e%M7;M+4ZflM/I4@fM">
                <field name="VAR" id="X^/*H,EDVOD%9ds}3o$e">wPressed</field>
              </block>
            </value>
            <statement name="DO0">
              <block type="setattribute" id="N1HDK:F_vU#k!GR7f(Re">
                <field name="ATTRIBUTE">rect.y</field>
                <value name="OBJECT">
                  <block type="variables_get" id="KM0VEFh?!h-V},u-%FS~">
                    <field name="VAR" id="~-5CYD.8%gA_=U#Q0(8N">sprite</field>
                  </block>
                </value>
                <value name="VALUE">
                  <block type="math_arithmetic" id="]S}`(jan%lP$Z|Swo$y~">
                    <field name="OP">MINUS</field>
                    <value name="A">
                      <shadow type="math_number" id="4}~;WDUa[zZ*EDO#7DVq">
                        <field name="NUM">1</field>
                      </shadow>
                      <block type="getattribute" id="+a;dg?*~n*yxoI)t{sT?">
                        <field name="ATTRIBUTE">rect.y</field>
                        <value name="OBJECT">
                          <block type="variables_get" id=",1vKKr`V7My9NR]+~RR[">
                            <field name="VAR" id="~-5CYD.8%gA_=U#Q0(8N">sprite</field>
                          </block>
                        </value>
                      </block>
                    </value>
                    <value name="B">
                      <shadow type="math_number" id="$ch21Gmix@7IJCHW_}e2">
                        <field name="NUM">10</field>
                      </shadow>
                    </value>
                  </block>
                </value>
              </block>
            </statement>
            <next>
              <block type="controls_if" id="e6+uk%)AIYCWWGfPi@8g">
                <value name="IF0">
                  <block type="variables_get" id="=ai6~wir*1]]$PTMXAuZ">
                    <field name="VAR" id="kB:/-e8nfoc^+v!n-CsX">aPressed</field>
                  </block>
                </value>
                <statement name="DO0">
                  <block type="setattribute" id=")wK^U9DbLA`*iI~=~o8I">
                    <field name="ATTRIBUTE">rect.x</field>
                    <value name="OBJECT">
                      <block type="variables_get" id="6|t=?0$mvyA#up={mYHO">
                        <field name="VAR" id="~-5CYD.8%gA_=U#Q0(8N">sprite</field>
                      </block>
                    </value>
                    <value name="VALUE">
                      <block type="math_arithmetic" id="eS:e|BU_pG!bhIiG^fFJ">
                        <field name="OP">MINUS</field>
                        <value name="A">
                          <shadow type="math_number">
                            <field name="NUM">1</field>
                          </shadow>
                          <block type="getattribute" id="~H[S{JH[|Wt8[Ip]O7z2">
                            <field name="ATTRIBUTE">rect.x</field>
                            <value name="OBJECT">
                              <block type="variables_get" id="pdC{+v1qiUiOjJt),4l%">
                                <field name="VAR" id="~-5CYD.8%gA_=U#Q0(8N">sprite</field>
                              </block>
                            </value>
                          </block>
                        </value>
                        <value name="B">
                          <shadow type="math_number" id=")v}xsp9d:JICDW1DkI#O">
                            <field name="NUM">10</field>
                          </shadow>
                        </value>
                      </block>
                    </value>
                  </block>
                </statement>
                <next>
                  <block type="controls_if" id="K2xyGe*Pwh-hCUHo`AfU">
                    <value name="IF0">
                      <block type="variables_get" id="^9[32/@slKg9Eq(u=?+G">
                        <field name="VAR" id="5%aKHI_j)=]qgbZ-]tSB">sPressed</field>
                      </block>
                    </value>
                    <statement name="DO0">
                      <block type="setattribute" id="Gy92MzW]J[;6AsOI#^Sz">
                        <field name="ATTRIBUTE">rect.y</field>
                        <value name="OBJECT">
                          <block type="variables_get" id="q3Z*VL8%dDsl=895?S~S">
                            <field name="VAR" id="~-5CYD.8%gA_=U#Q0(8N">sprite</field>
                          </block>
                        </value>
                        <value name="VALUE">
                          <block type="math_arithmetic" id=".%x]`;?DSYd]#+h}BOxV">
                            <field name="OP">ADD</field>
                            <value name="A">
                              <shadow type="math_number">
                                <field name="NUM">1</field>
                              </shadow>
                              <block type="getattribute" id="YN-vJQ5,4D]twfAN]otb">
                                <field name="ATTRIBUTE">rect.y</field>
                                <value name="OBJECT">
                                  <block type="variables_get" id="B^3w-rD1W)ojX2np9Xvt">
                                    <field name="VAR" id="~-5CYD.8%gA_=U#Q0(8N">sprite</field>
                                  </block>
                                </value>
                              </block>
                            </value>
                            <value name="B">
                              <shadow type="math_number" id="kOzkMUE-Cu7OtrhrZk+;">
                                <field name="NUM">10</field>
                              </shadow>
                            </value>
                          </block>
                        </value>
                      </block>
                    </statement>
                    <next>
                      <block type="controls_if" id=")v0.qz,F3/ubSzS#q}]:">
                        <value name="IF0">
                          <block type="variables_get" id="B0G/pUvLQOyAl1oaimxd">
                            <field name="VAR" id="#,p1]:^wCjqhnA;,5_`g">dPressed</field>
                          </block>
                        </value>
                        <statement name="DO0">
                          <block type="setattribute" id="]Z0cQqU?i?~{;qBwC@(F">
                            <field name="ATTRIBUTE">rect.x</field>
                            <value name="OBJECT">
                              <block type="variables_get" id="znwB==z-DGG:zG$_wXSz">
                                <field name="VAR" id="~-5CYD.8%gA_=U#Q0(8N">sprite</field>
                              </block>
                            </value>
                            <value name="VALUE">
                              <block type="math_arithmetic" id="*2a}(?m#A-~)WpGCC`10">
                                <field name="OP">ADD</field>
                                <value name="A">
                                  <shadow type="math_number">
                                    <field name="NUM">1</field>
                                  </shadow>
                                  <block type="getattribute" id="V~@kl-srO?`LmAs1sE;B">
                                    <field name="ATTRIBUTE">rect.x</field>
                                    <value name="OBJECT">
                                      <block type="variables_get" id="W=[aO#|X8k%8/}GWAwY(">
                                        <field name="VAR" id="~-5CYD.8%gA_=U#Q0(8N">sprite</field>
                                      </block>
                                    </value>
                                  </block>
                                </value>
                                <value name="B">
                                  <shadow type="math_number" id="#V#p{(`AK:48.5ns$!ev">
                                    <field name="NUM">10</field>
                                  </shadow>
                                </value>
                              </block>
                            </value>
                          </block>
                        </statement>
                      </block>
                    </next>
                  </block>
                </next>
              </block>
            </next>
          </block>
        </next>
      </block>
    </statement>
  </block>
  <block type="pygameinit" id="67_yvU@DD/@3j@uv=+%a" x="463" y="1112">
    <next>
      <block type="setcaption" id="b5jWu-r9EzE_!D7,fmk-">
        <value name="TITLE">
          <block type="text" id="61uv^4N;oT+-CHBtnpV6">
            <field name="TEXT">Sprite Application</field>
          </block>
        </value>
        <next>
          <block type="variables_set" id="m|306;dc;XQ[:Z4+MtRJ">
            <field name="VAR" id="/^mA.iYZEzJE+f@7Bz?`">surface</field>
            <value name="VALUE">
              <block type="partialscreen" id=".}4HvY/E$PJ[c+AtH{jj">
                <value name="WIDTH">
                  <block type="math_number" id="4}5usR(PSgrJ}F:+2|x%">
                    <field name="NUM">800</field>
                  </block>
                </value>
                <value name="HEIGHT">
                  <block type="math_number" id="fl/VtohnXzN?#/z[i$m*">
                    <field name="NUM">600</field>
                  </block>
                </value>
                <value name="MODE">
                  <block type="screenmode" id="zgA+U]3SRVvRuRjHod2M">
                    <field name="MODE">RESIZABLE</field>
                  </block>
                </value>
              </block>
            </value>
            <next>
              <block type="variables_set" id="v.-1vkYMD-CU]66+Vm;J">
                <field name="VAR" id="c3R,)6+XZi;/L(x1.T^w">obstacle</field>
                <value name="VALUE">
                  <block type="sprite" id="Rl}DV!C:Ve_qnGCWfLxm"></block>
                </value>
                <next>
                  <block type="setattribute" id="|j%1Pme(91{ak%OG;*dd">
                    <field name="ATTRIBUTE">image</field>
                    <value name="OBJECT">
                      <block type="variables_get" id="y/jZMt*WO/+|`fiN-m8m">
                        <field name="VAR" id="c3R,)6+XZi;/L(x1.T^w">obstacle</field>
                      </block>
                    </value>
                    <value name="VALUE">
                      <block type="partialsurface" id="zmU9jI8t0i4wd]%#n8+@">
                        <value name="POSITION">
                          <block type="position" id="]WXkm(~%YmKr9^6Rm%!2">
                            <value name="X">
                              <block type="math_number" id="5]6,D,e}]`WF%#Poc!=E">
                                <field name="NUM">100</field>
                              </block>
                            </value>
                            <value name="Y">
                              <block type="math_number" id="SQcW7xdR(h_YqXCL*}4I">
                                <field name="NUM">100</field>
                              </block>
                            </value>
                          </block>
                        </value>
                      </block>
                    </value>
                    <next>
                      <block type="fillobject" id="=)zTswws*w3kFBgx^#ig">
                        <value name="OBJECT">
                          <block type="getattribute" id="3.X@%I3Tt[Tj8`dmYF8H">
                            <field name="ATTRIBUTE">image</field>
                            <value name="OBJECT">
                              <block type="variables_get" id="Wwj/8FwE#AaDREF(Kw79">
                                <field name="VAR" id="c3R,)6+XZi;/L(x1.T^w">obstacle</field>
                              </block>
                            </value>
                          </block>
                        </value>
                        <value name="COLOR">
                          <block type="colour_picker" id="DsvKtWcoht+f__Wn;hKJ">
                            <field name="COLOUR">#33cc00</field>
                          </block>
                        </value>
                        <next>
                          <block type="variables_set" id="k`E~S?qnrv6/sLeLVdKJ">
                            <field name="VAR" id="wIu3D(10J%ahmF:Q=@-,">rect</field>
                            <value name="VALUE">
                              <block type="makerectangle" id="HsnDi$n1k+hkAc@B!CIY">
                                <value name="POSITION1">
                                  <block type="position" id="Fne-y,[b3Yo`J;6x)xm7">
                                    <value name="X">
                                      <block type="math_number" id="Q/M``M[`b%2j1fhsoIE@">
                                        <field name="NUM">200</field>
                                      </block>
                                    </value>
                                    <value name="Y">
                                      <block type="math_number" id="9$$Oca9~c]qYYQ1Grce?">
                                        <field name="NUM">10</field>
                                      </block>
                                    </value>
                                  </block>
                                </value>
                                <value name="POSITION2">
                                  <block type="position" id="C3q1uC0{x$]a?3pVptnW">
                                    <value name="X">
                                      <block type="math_number" id="h/N#p}O{wzvK2@#TC/x~">
                                        <field name="NUM">300</field>
                                      </block>
                                    </value>
                                    <value name="Y">
                                      <block type="math_number" id="8kc1Fyoqg}6ypes;faMi">
                                        <field name="NUM">110</field>
                                      </block>
                                    </value>
                                  </block>
                                </value>
                              </block>
                            </value>
                            <next>
                              <block type="setattribute" id="n96,/`5t396fFb3{-OTs">
                                <field name="ATTRIBUTE">rect</field>
                                <value name="OBJECT">
                                  <block type="variables_get" id="Z9PhaF[Pisd,o7B{]#01">
                                    <field name="VAR" id="c3R,)6+XZi;/L(x1.T^w">obstacle</field>
                                  </block>
                                </value>
                                <value name="VALUE">
                                  <block type="variables_get" id="cvI2kDi^)e;z,u~5?i/h">
                                    <field name="VAR" id="wIu3D(10J%ahmF:Q=@-,">rect</field>
                                  </block>
                                </value>
                                <next>
                                  <block type="variables_set" id=":E3Ek74(Qn;2:`.qKOH:">
                                    <field name="VAR" id="K!lW_c,JWo_gXlFk%,aM">playerImage</field>
                                    <value name="VALUE">
                                      <block type="sprite" id="ST(C.@?@|#GZ]!bdUAxt"></block>
                                    </value>
                                    <next>
                                      <block type="variables_set" id="A8#fsQPyBJyYh7-(fz_o">
                                        <field name="VAR" id="*Bohb3xs4R;,pXMMl?,O">image</field>
                                        <value name="VALUE">
                                          <block type="loadimage" id="*^/78h[RRM__sy?gzY|=">
                                            <value name="FILENAME">
                                              <block type="text" id="O4/wV6=0kdJv6k$-(-ov">
                                                <field name="TEXT">cannon.jpg</field>
                                              </block>
                                            </value>
                                          </block>
                                        </value>
                                        <next>
                                          <block type="setattribute" id="Mj4;i}K9];ZAbG:EkJLA">
                                            <field name="ATTRIBUTE">image</field>
                                            <value name="OBJECT">
                                              <block type="variables_get" id="JAxDXCfcB2-g]0f%J~a,">
                                                <field name="VAR" id="K!lW_c,JWo_gXlFk%,aM">playerImage</field>
                                              </block>
                                            </value>
                                            <value name="VALUE">
                                              <block type="variables_get" id="WYl9|onlHx]}jEH]:V4/">
                                                <field name="VAR" id="*Bohb3xs4R;,pXMMl?,O">image</field>
                                              </block>
                                            </value>
                                            <next>
                                              <block type="setattribute" id="AF$ozICY/LF](AaO}}**">
                                                <field name="ATTRIBUTE">rect</field>
                                                <value name="OBJECT">
                                                  <block type="variables_get" id="@5?S[x_9_MYy|2DNF]RC">
                                                    <field name="VAR" id="K!lW_c,JWo_gXlFk%,aM">playerImage</field>
                                                  </block>
                                                </value>
                                                <value name="VALUE">
                                                  <block type="getrect" id="PuUz@pWvDroexjsWRpjv">
                                                    <value name="OBJECT">
                                                      <block type="variables_get" id="juR@V%bsBxhnD,Oc?v:1">
                                                        <field name="VAR" id="*Bohb3xs4R;,pXMMl?,O">image</field>
                                                      </block>
                                                    </value>
                                                  </block>
                                                </value>
                                                <next>
                                                  <block type="variables_set" id="QohfrtRE!aa74:+n`5k`">
                                                    <field name="VAR" id="g!8?#9?VH9!Z$1JS#+-X">drawList</field>
                                                    <value name="VALUE">
                                                      <block type="spritegroup" id="QEx850TkIC;||,fMf7]}"></block>
                                                    </value>
                                                    <next>
                                                      <block type="variables_set" id="FEZjXQ:*fb~MuqH8Gg(L">
                                                        <field name="VAR" id="*Z+sBXXYd`+dZKXW`f)S">obstacleList</field>
                                                        <value name="VALUE">
                                                          <block type="spritegroup" id="l_nSGEp+M{86*t2taK2F"></block>
                                                        </value>
                                                        <next>
                                                          <block type="addsprite" id="0aw3$HROC(X=)bHoi|a-">
                                                            <value name="SPRITE">
                                                              <block type="variables_get" id="eIp6=C}#i?:GgguESETU">
                                                                <field name="VAR" id="K!lW_c,JWo_gXlFk%,aM">playerImage</field>
                                                              </block>
                                                            </value>
                                                            <value name="GROUP">
                                                              <block type="variables_get" id="Uic{+MQgO345.O^-AcF]">
                                                                <field name="VAR" id="g!8?#9?VH9!Z$1JS#+-X">drawList</field>
                                                              </block>
                                                            </value>
                                                            <next>
                                                              <block type="addsprite" id="owB$J_G21^xaT!RaJ]z}">
                                                                <value name="SPRITE">
                                                                  <block type="variables_get" id="F(@ToYQ%{Y{ORRimxx::">
                                                                    <field name="VAR" id="c3R,)6+XZi;/L(x1.T^w">obstacle</field>
                                                                  </block>
                                                                </value>
                                                                <value name="GROUP">
                                                                  <block type="variables_get" id="|;7}P$orspjY[C3Jl(H)">
                                                                    <field name="VAR" id="g!8?#9?VH9!Z$1JS#+-X">drawList</field>
                                                                  </block>
                                                                </value>
                                                                <next>
                                                                  <block type="addsprite" id="7i[ZIUIVnG*WlKGkHr@_">
                                                                    <value name="SPRITE">
                                                                      <block type="variables_get" id="p]^t?]nL4opCQQw6RdrT">
                                                                        <field name="VAR" id="c3R,)6+XZi;/L(x1.T^w">obstacle</field>
                                                                      </block>
                                                                    </value>
                                                                    <value name="GROUP">
                                                                      <block type="variables_get" id="dsCqztt^Im~O_B3^r.Vb">
                                                                        <field name="VAR" id="*Z+sBXXYd`+dZKXW`f)S">obstacleList</field>
                                                                      </block>
                                                                    </value>
                                                                    <next>
                                                                      <block type="controls_whileUntil" id="gW^EP*YO{PTLWe])reuh">
                                                                        <field name="MODE">WHILE</field>
                                                                        <value name="BOOL">
                                                                          <block type="logic_boolean" id="msygG,8$)%WUClM@jzcI">
                                                                            <field name="BOOL">TRUE</field>
                                                                          </block>
                                                                        </value>
                                                                        <statement name="DO">
                                                                          <block type="variables_set" id="PYb4gpzh/P|IyyL8Ds`R">
                                                                            <field name="VAR" id="GJP@n#kx6Hbr5I9`QBf2">event</field>
                                                                            <value name="VALUE">
                                                                              <block type="pollevent" id="[rk_*MrKbJTLw0Pjp}l;"></block>
                                                                            </value>
                                                                            <next>
                                                                              <block type="controls_if" id="G^03wG-dy8T@bYJwL3~b">
                                                                                <mutation elseif="1"></mutation>
                                                                                <value name="IF0">
                                                                                  <block type="logic_compare" id="0m(g+A@r%oBiPMB_5~Lr">
                                                                                    <field name="OP">EQ</field>
                                                                                    <value name="A">
                                                                                      <block type="eventtype" id="$k7rc`Une1v(#Aq[EfT{">
                                                                                        <value name="EVENT">
                                                                                          <block type="variables_get" id="Ff+.Q}0dXYE:lftQXaq,">
                                                                                            <field name="VAR" id="GJP@n#kx6Hbr5I9`QBf2">event</field>
                                                                                          </block>
                                                                                        </value>
                                                                                      </block>
                                                                                    </value>
                                                                                    <value name="B">
                                                                                      <block type="events" id="$!%YM|.0GqF}!w)*[D@e">
                                                                                        <field name="EVENT">QUIT</field>
                                                                                      </block>
                                                                                    </value>
                                                                                  </block>
                                                                                </value>
                                                                                <statement name="DO0">
                                                                                  <block type="controls_flow_statements" id="dP0%E%y-oexV^`H;2sv:">
                                                                                    <field name="FLOW">BREAK</field>
                                                                                  </block>
                                                                                </statement>
                                                                                <value name="IF1">
                                                                                  <block type="logic_compare" id="r(o}{D1$!Ds6h*^ECZ?*">
                                                                                    <field name="OP">EQ</field>
                                                                                    <value name="A">
                                                                                      <block type="eventtype" id="v/T``#E6kI4^wPU}BF9f">
                                                                                        <value name="EVENT">
                                                                                          <block type="variables_get" id="yH^QkU+?AYH$5NWFB?wA">
                                                                                            <field name="VAR" id="GJP@n#kx6Hbr5I9`QBf2">event</field>
                                                                                          </block>
                                                                                        </value>
                                                                                      </block>
                                                                                    </value>
                                                                                    <value name="B">
                                                                                      <block type="events" id=".O}.InS1D@ZQX^w_f[==">
                                                                                        <field name="EVENT">KEYDOWN</field>
                                                                                      </block>
                                                                                    </value>
                                                                                  </block>
                                                                                </value>
                                                                                <statement name="DO1">
                                                                                  <block type="procedures_callnoreturn" id="bE=]7Cgh`c5MSu2xc]c6">
                                                                                    <mutation name="movePlayer">
                                                                                      <arg name="event"></arg>
                                                                                      <arg name="sprite"></arg>
                                                                                    </mutation>
                                                                                    <value name="ARG0">
                                                                                      <block type="variables_get" id="~3kM[M{eTv{D]EPe6xOn">
                                                                                        <field name="VAR" id="GJP@n#kx6Hbr5I9`QBf2">event</field>
                                                                                      </block>
                                                                                    </value>
                                                                                    <value name="ARG1">
                                                                                      <block type="variables_get" id="8Fz?taM$5/X4I0EV.{NS">
                                                                                        <field name="VAR" id="K!lW_c,JWo_gXlFk%,aM">playerImage</field>
                                                                                      </block>
                                                                                    </value>
                                                                                  </block>
                                                                                </statement>
                                                                                <next>
                                                                                  <block type="drawsprites" id="4KqdbqaY3+KfE%mt?ILR">
                                                                                    <value name="GROUP">
                                                                                      <block type="variables_get" id="*-UA]8:{d*UcSj25]l?G">
                                                                                        <field name="VAR" id="g!8?#9?VH9!Z$1JS#+-X">drawList</field>
                                                                                      </block>
                                                                                    </value>
                                                                                    <value name="SURFACE">
                                                                                      <block type="variables_get" id="K2B9(o9QDWk[c7tyyXl9">
                                                                                        <field name="VAR" id="/^mA.iYZEzJE+f@7Bz?`">surface</field>
                                                                                      </block>
                                                                                    </value>
                                                                                    <next>
                                                                                      <block type="variables_set" id="DNPB0MtVOx7B+XKvG?oO">
                                                                                        <field name="VAR" id="BOYiV:!Cge1OOyV2.h!x">hitList</field>
                                                                                        <value name="VALUE">
                                                                                          <block type="spritecollide" id="_kwO}t@Xau`J9PliZ]9v">
                                                                                            <value name="SPRITE">
                                                                                              <block type="variables_get" id="fNpIcOIwmxqD4zRYQ_5X">
                                                                                                <field name="VAR" id="K!lW_c,JWo_gXlFk%,aM">playerImage</field>
                                                                                              </block>
                                                                                            </value>
                                                                                            <value name="GROUP">
                                                                                              <block type="variables_get" id="Hw]@=V=C$%Y.[72tNh,Z">
                                                                                                <field name="VAR" id="*Z+sBXXYd`+dZKXW`f)S">obstacleList</field>
                                                                                              </block>
                                                                                            </value>
                                                                                          </block>
                                                                                        </value>
                                                                                        <next>
                                                                                          <block type="controls_if" id="%j;6q.Pi#2/tUR:hv2d[">
                                                                                            <value name="IF0">
                                                                                              <block type="logic_compare" id="9`!lRW3jJAtGreW`b(QT">
                                                                                                <field name="OP">GT</field>
                                                                                                <value name="A">
                                                                                                  <block type="lists_length" id="P}K$CyI;t.)#H-D6.v}l">
                                                                                                    <value name="VALUE">
                                                                                                      <block type="variables_get" id="sCti!YFa:2%N~^i-J7x%">
                                                                                                        <field name="VAR" id="BOYiV:!Cge1OOyV2.h!x">hitList</field>
                                                                                                      </block>
                                                                                                    </value>
                                                                                                  </block>
                                                                                                </value>
                                                                                                <value name="B">
                                                                                                  <block type="math_number" id="RwL_[jyTc-M/kiplV,eh">
                                                                                                    <field name="NUM">0</field>
                                                                                                  </block>
                                                                                                </value>
                                                                                              </block>
                                                                                            </value>
                                                                                            <statement name="DO0">
                                                                                              <block type="text_print" id="g()Ze=D$Z(2^v{?y+f5a">
                                                                                                <value name="TEXT">
                                                                                                  <shadow type="text" id="Ca)qUa,iHI+OlNF7y*c}">
                                                                                                    <field name="TEXT">We got a collision</field>
                                                                                                  </shadow>
                                                                                                </value>
                                                                                                <next>
                                                                                                  <block type="controls_flow_statements" id="Opd.UDH#yd;YihVTXW5j">
                                                                                                    <field name="FLOW">BREAK</field>
                                                                                                  </block>
                                                                                                </next>
                                                                                              </block>
                                                                                            </statement>
                                                                                          </block>
                                                                                        </next>
                                                                                      </block>
                                                                                    </next>
                                                                                  </block>
                                                                                </next>
                                                                              </block>
                                                                            </next>
                                                                          </block>
                                                                        </statement>
                                                                      </block>
                                                                    </next>
                                                                  </block>
                                                                </next>
                                                              </block>
                                                            </next>
                                                          </block>
                                                        </next>
                                                      </block>
                                                    </next>
                                                  </block>
                                                </next>
                                              </block>
                                            </next>
                                          </block>
                                        </next>
                                      </block>
                                    </next>
                                  </block>
                                </next>
                              </block>
                            </next>
                          </block>
                        </next>
                      </block>
                    </next>
                  </block>
                </next>
              </block>
            </next>
          </block>
        </next>
      </block>
    </next>
  </block>
</xml>