<xml xmlns="https://developers.google.com/blockly/xml">
  <variables>
    <variable id="/^mA.iYZEzJE+f@7Bz?`">surface</variable>
    <variable id="c3R,)6+XZi;/L(x1.T^w">obstacle</variable>
    <variable id="wIu3D(10J%ahmF:Q=@-,">rect</variable>
    <variable id="K!lW_c,JWo_gXlFk%,aM">playerImage</variable>
    <variable id="*Bohb3xs4R;,pXMMl?,O">image</variable>
    <variable id="g!8?#9?VH9!Z$1JS#+-X">drawList</variable>
    <variable id="*Z+sBXXYd`+dZKXW`f)S">obstacleList</variable>
    <variable id="GJP@n#kx6Hbr5I9`QBf2">event</variable>
    <variable id="DF4w:8{!H7D7?/Ch}7U8">ch</variable>
    <variable id="BOYiV:!Cge1OOyV2.h!x">hitList</variable>
  </variables>
  <block type="pygameinit" id="67_yvU@DD/@3j@uv=+%a" x="213" y="38">
    <next>
      <block type="import" id="90HZ(gdN=l9Q0}/-{BW{">
        <value name="LIBRARY">
          <block type="text" id="2A3L8+?[i9bGul:z5hR(">
            <field name="TEXT">get_key</field>
          </block>
        </value>
        <next>
          <block type="setcaption" id="b5jWu-r9EzE_!D7,fmk-">
            <value name="TITLE">
              <block type="text" id="61uv^4N;oT+-CHBtnpV6">
                <field name="TEXT">Sprite Application</field>
              </block>
            </value>
            <next>
              <block type="variables_set" id="m|306;dc;XQ[:Z4+MtRJ">
                <field name="VAR" id="/^mA.iYZEzJE+f@7Bz?`">surface</field>
                <value name="VALUE">
                  <block type="partialscreen" id=".}4HvY/E$PJ[c+AtH{jj">
                    <value name="WIDTH">
                      <block type="math_number" id="4}5usR(PSgrJ}F:+2|x%">
                        <field name="NUM">800</field>
                      </block>
                    </value>
                    <value name="HEIGHT">
                      <block type="math_number" id="fl/VtohnXzN?#/z[i$m*">
                        <field name="NUM">600</field>
                      </block>
                    </value>
                    <value name="MODE">
                      <block type="screenmode" id="zgA+U]3SRVvRuRjHod2M">
                        <field name="MODE">RESIZABLE</field>
                      </block>
                    </value>
                  </block>
                </value>
                <next>
                  <block type="variables_set" id="v.-1vkYMD-CU]66+Vm;J">
                    <field name="VAR" id="c3R,)6+XZi;/L(x1.T^w">obstacle</field>
                    <value name="VALUE">
                      <block type="sprite" id="Rl}DV!C:Ve_qnGCWfLxm"></block>
                    </value>
                    <next>
                      <block type="setattribute" id="|j%1Pme(91{ak%OG;*dd">
                        <field name="ATTRIBUTE">image</field>
                        <value name="OBJECT">
                          <block type="variables_get" id="y/jZMt*WO/+|`fiN-m8m">
                            <field name="VAR" id="c3R,)6+XZi;/L(x1.T^w">obstacle</field>
                          </block>
                        </value>
                        <value name="VALUE">
                          <block type="partialsurface" id="zmU9jI8t0i4wd]%#n8+@">
                            <value name="POSITION">
                              <block type="position" id="]WXkm(~%YmKr9^6Rm%!2">
                                <value name="X">
                                  <block type="math_number" id="5]6,D,e}]`WF%#Poc!=E">
                                    <field name="NUM">100</field>
                                  </block>
                                </value>
                                <value name="Y">
                                  <block type="math_number" id="SQcW7xdR(h_YqXCL*}4I">
                                    <field name="NUM">100</field>
                                  </block>
                                </value>
                              </block>
                            </value>
                          </block>
                        </value>
                        <next>
                          <block type="fillobject" id="=)zTswws*w3kFBgx^#ig">
                            <value name="OBJECT">
                              <block type="getattribute" id="3.X@%I3Tt[Tj8`dmYF8H">
                                <field name="ATTRIBUTE">image</field>
                                <value name="OBJECT">
                                  <block type="variables_get" id="Wwj/8FwE#AaDREF(Kw79">
                                    <field name="VAR" id="c3R,)6+XZi;/L(x1.T^w">obstacle</field>
                                  </block>
                                </value>
                              </block>
                            </value>
                            <value name="COLOR">
                              <block type="colour_picker" id="DsvKtWcoht+f__Wn;hKJ">
                                <field name="COLOUR">#33cc00</field>
                              </block>
                            </value>
                            <next>
                              <block type="variables_set" id="k`E~S?qnrv6/sLeLVdKJ">
                                <field name="VAR" id="wIu3D(10J%ahmF:Q=@-,">rect</field>
                                <value name="VALUE">
                                  <block type="makerectangle" id="HsnDi$n1k+hkAc@B!CIY">
                                    <value name="POSITION1">
                                      <block type="position" id="Fne-y,[b3Yo`J;6x)xm7">
                                        <value name="X">
                                          <block type="math_number" id="Q/M``M[`b%2j1fhsoIE@">
                                            <field name="NUM">200</field>
                                          </block>
                                        </value>
                                        <value name="Y">
                                          <block type="math_number" id="9$$Oca9~c]qYYQ1Grce?">
                                            <field name="NUM">10</field>
                                          </block>
                                        </value>
                                      </block>
                                    </value>
                                    <value name="POSITION2">
                                      <block type="position" id="C3q1uC0{x$]a?3pVptnW">
                                        <value name="X">
                                          <block type="math_number" id="h/N#p}O{wzvK2@#TC/x~">
                                            <field name="NUM">300</field>
                                          </block>
                                        </value>
                                        <value name="Y">
                                          <block type="math_number" id="8kc1Fyoqg}6ypes;faMi">
                                            <field name="NUM">110</field>
                                          </block>
                                        </value>
                                      </block>
                                    </value>
                                  </block>
                                </value>
                                <next>
                                  <block type="setattribute" id="n96,/`5t396fFb3{-OTs">
                                    <field name="ATTRIBUTE">rect</field>
                                    <value name="OBJECT">
                                      <block type="variables_get" id="Z9PhaF[Pisd,o7B{]#01">
                                        <field name="VAR" id="c3R,)6+XZi;/L(x1.T^w">obstacle</field>
                                      </block>
                                    </value>
                                    <value name="VALUE">
                                      <block type="variables_get" id="cvI2kDi^)e;z,u~5?i/h">
                                        <field name="VAR" id="wIu3D(10J%ahmF:Q=@-,">rect</field>
                                      </block>
                                    </value>
                                    <next>
                                      <block type="variables_set" id=":E3Ek74(Qn;2:`.qKOH:">
                                        <field name="VAR" id="K!lW_c,JWo_gXlFk%,aM">playerImage</field>
                                        <value name="VALUE">
                                          <block type="sprite" id="ST(C.@?@|#GZ]!bdUAxt"></block>
                                        </value>
                                        <next>
                                          <block type="variables_set" id="A8#fsQPyBJyYh7-(fz_o">
                                            <field name="VAR" id="*Bohb3xs4R;,pXMMl?,O">image</field>
                                            <value name="VALUE">
                                              <block type="loadimage" id="*^/78h[RRM__sy?gzY|=">
                                                <value name="FILENAME">
                                                  <block type="text" id="O4/wV6=0kdJv6k$-(-ov">
                                                    <field name="TEXT">cannon.jpg</field>
                                                  </block>
                                                </value>
                                              </block>
                                            </value>
                                            <next>
                                              <block type="setattribute" id="Mj4;i}K9];ZAbG:EkJLA">
                                                <field name="ATTRIBUTE">image</field>
                                                <value name="OBJECT">
                                                  <block type="variables_get" id="JAxDXCfcB2-g]0f%J~a,">
                                                    <field name="VAR" id="K!lW_c,JWo_gXlFk%,aM">playerImage</field>
                                                  </block>
                                                </value>
                                                <value name="VALUE">
                                                  <block type="variables_get" id="WYl9|onlHx]}jEH]:V4/">
                                                    <field name="VAR" id="*Bohb3xs4R;,pXMMl?,O">image</field>
                                                  </block>
                                                </value>
                                                <next>
                                                  <block type="setattribute" id="AF$ozICY/LF](AaO}}**">
                                                    <field name="ATTRIBUTE">rect</field>
                                                    <value name="OBJECT">
                                                      <block type="variables_get" id="@5?S[x_9_MYy|2DNF]RC">
                                                        <field name="VAR" id="K!lW_c,JWo_gXlFk%,aM">playerImage</field>
                                                      </block>
                                                    </value>
                                                    <value name="VALUE">
                                                      <block type="getrect" id="PuUz@pWvDroexjsWRpjv">
                                                        <value name="OBJECT">
                                                          <block type="variables_get" id="juR@V%bsBxhnD,Oc?v:1">
                                                            <field name="VAR" id="*Bohb3xs4R;,pXMMl?,O">image</field>
                                                          </block>
                                                        </value>
                                                      </block>
                                                    </value>
                                                    <next>
                                                      <block type="variables_set" id="QohfrtRE!aa74:+n`5k`">
                                                        <field name="VAR" id="g!8?#9?VH9!Z$1JS#+-X">drawList</field>
                                                        <value name="VALUE">
                                                          <block type="spritegroup" id="QEx850TkIC;||,fMf7]}"></block>
                                                        </value>
                                                        <next>
                                                          <block type="variables_set" id="FEZjXQ:*fb~MuqH8Gg(L">
                                                            <field name="VAR" id="*Z+sBXXYd`+dZKXW`f)S">obstacleList</field>
                                                            <value name="VALUE">
                                                              <block type="spritegroup" id="l_nSGEp+M{86*t2taK2F"></block>
                                                            </value>
                                                            <next>
                                                              <block type="addsprite" id="0aw3$HROC(X=)bHoi|a-">
                                                                <value name="SPRITE">
                                                                  <block type="variables_get" id="eIp6=C}#i?:GgguESETU">
                                                                    <field name="VAR" id="K!lW_c,JWo_gXlFk%,aM">playerImage</field>
                                                                  </block>
                                                                </value>
                                                                <value name="GROUP">
                                                                  <block type="variables_get" id="Uic{+MQgO345.O^-AcF]">
                                                                    <field name="VAR" id="g!8?#9?VH9!Z$1JS#+-X">drawList</field>
                                                                  </block>
                                                                </value>
                                                                <next>
                                                                  <block type="addsprite" id="owB$J_G21^xaT!RaJ]z}">
                                                                    <value name="SPRITE">
                                                                      <block type="variables_get" id="F(@ToYQ%{Y{ORRimxx::">
                                                                        <field name="VAR" id="c3R,)6+XZi;/L(x1.T^w">obstacle</field>
                                                                      </block>
                                                                    </value>
                                                                    <value name="GROUP">
                                                                      <block type="variables_get" id="|;7}P$orspjY[C3Jl(H)">
                                                                        <field name="VAR" id="g!8?#9?VH9!Z$1JS#+-X">drawList</field>
                                                                      </block>
                                                                    </value>
                                                                    <next>
                                                                      <block type="addsprite" id="7i[ZIUIVnG*WlKGkHr@_">
                                                                        <value name="SPRITE">
                                                                          <block type="variables_get" id="p]^t?]nL4opCQQw6RdrT">
                                                                            <field name="VAR" id="c3R,)6+XZi;/L(x1.T^w">obstacle</field>
                                                                          </block>
                                                                        </value>
                                                                        <value name="GROUP">
                                                                          <block type="variables_get" id="dsCqztt^Im~O_B3^r.Vb">
                                                                            <field name="VAR" id="*Z+sBXXYd`+dZKXW`f)S">obstacleList</field>
                                                                          </block>
                                                                        </value>
                                                                        <next>
                                                                          <block type="controls_whileUntil" id="gW^EP*YO{PTLWe])reuh">
                                                                            <field name="MODE">WHILE</field>
                                                                            <value name="BOOL">
                                                                              <block type="logic_boolean" id="msygG,8$)%WUClM@jzcI">
                                                                                <field name="BOOL">TRUE</field>
                                                                              </block>
                                                                            </value>
                                                                            <statement name="DO">
                                                                              <block type="variables_set" id="PYb4gpzh/P|IyyL8Ds`R">
                                                                                <field name="VAR" id="GJP@n#kx6Hbr5I9`QBf2">event</field>
                                                                                <value name="VALUE">
                                                                                  <block type="pollevent" id="[rk_*MrKbJTLw0Pjp}l;"></block>
                                                                                </value>
                                                                                <next>
                                                                                  <block type="controls_if" id="G^03wG-dy8T@bYJwL3~b">
                                                                                    <mutation elseif="1"></mutation>
                                                                                    <value name="IF0">
                                                                                      <block type="logic_compare" id="0m(g+A@r%oBiPMB_5~Lr">
                                                                                        <field name="OP">EQ</field>
                                                                                        <value name="A">
                                                                                          <block type="eventtype" id="$k7rc`Une1v(#Aq[EfT{">
                                                                                            <value name="EVENT">
                                                                                              <block type="variables_get" id="Ff+.Q}0dXYE:lftQXaq,">
                                                                                                <field name="VAR" id="GJP@n#kx6Hbr5I9`QBf2">event</field>
                                                                                              </block>
                                                                                            </value>
                                                                                          </block>
                                                                                        </value>
                                                                                        <value name="B">
                                                                                          <block type="events" id="$!%YM|.0GqF}!w)*[D@e">
                                                                                            <field name="EVENT">QUIT</field>
                                                                                          </block>
                                                                                        </value>
                                                                                      </block>
                                                                                    </value>
                                                                                    <statement name="DO0">
                                                                                      <block type="controls_flow_statements" id="dP0%E%y-oexV^`H;2sv:">
                                                                                        <field name="FLOW">BREAK</field>
                                                                                      </block>
                                                                                    </statement>
                                                                                    <value name="IF1">
                                                                                      <block type="logic_compare" id="r(o}{D1$!Ds6h*^ECZ?*">
                                                                                        <field name="OP">EQ</field>
                                                                                        <value name="A">
                                                                                          <block type="eventtype" id="v/T``#E6kI4^wPU}BF9f">
                                                                                            <value name="EVENT">
                                                                                              <block type="variables_get" id="yH^QkU+?AYH$5NWFB?wA">
                                                                                                <field name="VAR" id="GJP@n#kx6Hbr5I9`QBf2">event</field>
                                                                                              </block>
                                                                                            </value>
                                                                                          </block>
                                                                                        </value>
                                                                                        <value name="B">
                                                                                          <block type="events" id=".O}.InS1D@ZQX^w_f[==">
                                                                                            <field name="EVENT">KEYDOWN</field>
                                                                                          </block>
                                                                                        </value>
                                                                                      </block>
                                                                                    </value>
                                                                                    <statement name="DO1">
                                                                                      <block type="variables_set" id="Qa4esTkc#nqFJv-5kyR|">
                                                                                        <field name="VAR" id="DF4w:8{!H7D7?/Ch}7U8">ch</field>
                                                                                        <value name="VALUE">
                                                                                          <block type="getkey" id="rG(m4oiFD:_GPi9_n4Sa"></block>
                                                                                        </value>
                                                                                        <next>
                                                                                          <block type="controls_if" id="[RT:td~^dtqP2^FK:JUF">
                                                                                            <value name="IF0">
                                                                                              <block type="logic_compare" id="h{!1GIqvZVu-/r7@6/nc">
                                                                                                <field name="OP">EQ</field>
                                                                                                <value name="A">
                                                                                                  <block type="variables_get" id="hPkW}Ad*Kc}/$AlA%6{u">
                                                                                                    <field name="VAR" id="DF4w:8{!H7D7?/Ch}7U8">ch</field>
                                                                                                  </block>
                                                                                                </value>
                                                                                                <value name="B">
                                                                                                  <block type="text" id="OCPRv}Il_f8ZPzUZ?N5A">
                                                                                                    <field name="TEXT">d</field>
                                                                                                  </block>
                                                                                                </value>
                                                                                              </block>
                                                                                            </value>
                                                                                            <statement name="DO0">
                                                                                              <block type="setattribute" id=",2tF(Rd}:/54}H$?O#fG">
                                                                                                <field name="ATTRIBUTE">rect.x</field>
                                                                                                <value name="OBJECT">
                                                                                                  <block type="variables_get" id="tq%^L[g$t3BG`y}|Zq.X">
                                                                                                    <field name="VAR" id="K!lW_c,JWo_gXlFk%,aM">playerImage</field>
                                                                                                  </block>
                                                                                                </value>
                                                                                                <value name="VALUE">
                                                                                                  <block type="math_arithmetic" id="G7!i{coSKF_o~YwHUVU9">
                                                                                                    <field name="OP">ADD</field>
                                                                                                    <value name="A">
                                                                                                      <shadow type="math_number" id="}x=kg)z,2_L#_F-R?h_=">
                                                                                                        <field name="NUM">1</field>
                                                                                                      </shadow>
                                                                                                      <block type="getattribute" id="6kY*9LYq9rrmm*s2CmOZ">
                                                                                                        <field name="ATTRIBUTE">rect.x</field>
                                                                                                        <value name="OBJECT">
                                                                                                          <block type="variables_get" id="8Fz?taM$5/X4I0EV.{NS">
                                                                                                            <field name="VAR" id="K!lW_c,JWo_gXlFk%,aM">playerImage</field>
                                                                                                          </block>
                                                                                                        </value>
                                                                                                      </block>
                                                                                                    </value>
                                                                                                    <value name="B">
                                                                                                      <shadow type="math_number" id="+SFWPb.JD(1n)A`;,-kq">
                                                                                                        <field name="NUM">10</field>
                                                                                                      </shadow>
                                                                                                    </value>
                                                                                                  </block>
                                                                                                </value>
                                                                                              </block>
                                                                                            </statement>
                                                                                          </block>
                                                                                        </next>
                                                                                      </block>
                                                                                    </statement>
                                                                                    <next>
                                                                                      <block type="drawsprites" id="4KqdbqaY3+KfE%mt?ILR">
                                                                                        <value name="GROUP">
                                                                                          <block type="variables_get" id="*-UA]8:{d*UcSj25]l?G">
                                                                                            <field name="VAR" id="g!8?#9?VH9!Z$1JS#+-X">drawList</field>
                                                                                          </block>
                                                                                        </value>
                                                                                        <value name="SURFACE">
                                                                                          <block type="variables_get" id="K2B9(o9QDWk[c7tyyXl9">
                                                                                            <field name="VAR" id="/^mA.iYZEzJE+f@7Bz?`">surface</field>
                                                                                          </block>
                                                                                        </value>
                                                                                        <next>
                                                                                          <block type="variables_set" id="DNPB0MtVOx7B+XKvG?oO">
                                                                                            <field name="VAR" id="BOYiV:!Cge1OOyV2.h!x">hitList</field>
                                                                                            <value name="VALUE">
                                                                                              <block type="spritecollide" id="_kwO}t@Xau`J9PliZ]9v">
                                                                                                <value name="SPRITE">
                                                                                                  <block type="variables_get" id="fNpIcOIwmxqD4zRYQ_5X">
                                                                                                    <field name="VAR" id="K!lW_c,JWo_gXlFk%,aM">playerImage</field>
                                                                                                  </block>
                                                                                                </value>
                                                                                                <value name="GROUP">
                                                                                                  <block type="variables_get" id="Hw]@=V=C$%Y.[72tNh,Z">
                                                                                                    <field name="VAR" id="*Z+sBXXYd`+dZKXW`f)S">obstacleList</field>
                                                                                                  </block>
                                                                                                </value>
                                                                                              </block>
                                                                                            </value>
                                                                                            <next>
                                                                                              <block type="controls_if" id="%j;6q.Pi#2/tUR:hv2d[">
                                                                                                <value name="IF0">
                                                                                                  <block type="logic_compare" id="9`!lRW3jJAtGreW`b(QT">
                                                                                                    <field name="OP">GT</field>
                                                                                                    <value name="A">
                                                                                                      <block type="lists_length" id="P}K$CyI;t.)#H-D6.v}l">
                                                                                                        <value name="VALUE">
                                                                                                          <block type="variables_get" id="sCti!YFa:2%N~^i-J7x%">
                                                                                                            <field name="VAR" id="BOYiV:!Cge1OOyV2.h!x">hitList</field>
                                                                                                          </block>
                                                                                                        </value>
                                                                                                      </block>
                                                                                                    </value>
                                                                                                    <value name="B">
                                                                                                      <block type="math_number" id="RwL_[jyTc-M/kiplV,eh">
                                                                                                        <field name="NUM">0</field>
                                                                                                      </block>
                                                                                                    </value>
                                                                                                  </block>
                                                                                                </value>
                                                                                                <statement name="DO0">
                                                                                                  <block type="text_print" id="g()Ze=D$Z(2^v{?y+f5a">
                                                                                                    <value name="TEXT">
                                                                                                      <shadow type="text" id="Ca)qUa,iHI+OlNF7y*c}">
                                                                                                        <field name="TEXT">We got a collision</field>
                                                                                                      </shadow>
                                                                                                    </value>
                                                                                                    <next>
                                                                                                      <block type="controls_flow_statements" id="Opd.UDH#yd;YihVTXW5j">
                                                                                                        <field name="FLOW">BREAK</field>
                                                                                                      </block>
                                                                                                    </next>
                                                                                                  </block>
                                                                                                </statement>
                                                                                              </block>
                                                                                            </next>
                                                                                          </block>
                                                                                        </next>
                                                                                      </block>
                                                                                    </next>
                                                                                  </block>
                                                                                </next>
                                                                              </block>
                                                                            </statement>
                                                                          </block>
                                                                        </next>
                                                                      </block>
                                                                    </next>
                                                                  </block>
                                                                </next>
                                                              </block>
                                                            </next>
                                                          </block>
                                                        </next>
                                                      </block>
                                                    </next>
                                                  </block>
                                                </next>
                                              </block>
                                            </next>
                                          </block>
                                        </next>
                                      </block>
                                    </next>
                                  </block>
                                </next>
                              </block>
                            </next>
                          </block>
                        </next>
                      </block>
                    </next>
                  </block>
                </next>
              </block>
            </next>
          </block>
        </next>
      </block>
    </next>
  </block>
</xml>