<xml xmlns="https://developers.google.com/blockly/xml">
  <variables>
    <variable id="y%qJ[;(kMgRfwLm[hd:e">event</variable>
    <variable id="/^mA.iYZEzJE+f@7Bz?`">surface</variable>
    <variable id="q%?wao.jxK|;3^N!NinC">ch</variable>
    <variable id="~pr]/m+oNrD_n-p-s:p^">image</variable>
    <variable id="scCP*wEvL#)|Fn]Pfzm~">cannonX</variable>
    <variable id="X^/*H,EDVOD%9ds}3o$e">wPressed</variable>
    <variable id="kB:/-e8nfoc^+v!n-CsX">aPressed</variable>
    <variable id="5%aKHI_j)=]qgbZ-]tSB">sPressed</variable>
    <variable id="#,p1]:^wCjqhnA;,5_`g">dPressed</variable>
    <variable id="(B4M-)i}=y7Ucry_d11/">cannonY</variable>
    <variable id="T7QZf[S+=v{+-Cn2F~oy">degree</variable>
    <variable id="Auj8+S~6x$|gNVG8X.nB">taskTimer</variable>
    <variable id="3@H2xy|z]pFoIy;`OiUM">quit</variable>
  </variables>
  <block type="procedures_defnoreturn" id=")dRUtU#D9WL$c?MAN?2B" x="887" y="-162">
    <mutation>
      <arg name="event" varid="y%qJ[;(kMgRfwLm[hd:e"></arg>
    </mutation>
    <field name="NAME">handleKey</field>
    <comment pinned="false" h="80" w="160">Describe this function...</comment>
    <statement name="STACK">
      <block type="controls_if" id="myZ2,eqk^xA4Z[:RT19b">
        <mutation elseif="1"></mutation>
        <value name="IF0">
          <block type="logic_compare" id="{LQTUW7dlL(gY{J:nmyC">
            <field name="OP">EQ</field>
            <value name="A">
              <block type="eventtype" id="hiV[kE6)@j-=?.0}Q3XU">
                <value name="EVENT">
                  <block type="variables_get" id="47V1!Pb:R[K$K.;No(?R">
                    <field name="VAR" id="y%qJ[;(kMgRfwLm[hd:e">event</field>
                  </block>
                </value>
              </block>
            </value>
            <value name="B">
              <block type="events" id="Jmirlho[ur~r/NWai.EB">
                <field name="EVENT">KEYDOWN</field>
              </block>
            </value>
          </block>
        </value>
        <statement name="DO0">
          <block type="variables_set" id="z+Agg~j/yQc])53nRK%K">
            <field name="VAR" id="q%?wao.jxK|;3^N!NinC">ch</field>
            <value name="VALUE">
              <block type="eventkey" id="GxRd,Gyxh%JjAVub9)aG">
                <value name="EVENT">
                  <block type="variables_get" id="y|oN!{-5s!;Iz7hJ[L8N">
                    <field name="VAR" id="y%qJ[;(kMgRfwLm[hd:e">event</field>
                  </block>
                </value>
              </block>
            </value>
            <next>
              <block type="controls_if" id="4ws`xwfgZ=[|Vobth;ov">
                <mutation elseif="3"></mutation>
                <value name="IF0">
                  <block type="logic_compare" id="ULj+5_yyw.?LgH~wxPqc">
                    <field name="OP">EQ</field>
                    <value name="A">
                      <block type="variables_get" id="@sC+{EArAU}nSjytKWUM">
                        <field name="VAR" id="q%?wao.jxK|;3^N!NinC">ch</field>
                      </block>
                    </value>
                    <value name="B">
                      <block type="text" id="8Bue~?8-YCSD_T}MZfm-">
                        <field name="TEXT">w</field>
                      </block>
                    </value>
                  </block>
                </value>
                <statement name="DO0">
                  <block type="variables_set" id="h4mk~^rz/lREZ|+(P-lL">
                    <field name="VAR" id="X^/*H,EDVOD%9ds}3o$e">wPressed</field>
                    <value name="VALUE">
                      <block type="logic_boolean" id="!g6xkqK#zR6{#$f6J@:m">
                        <field name="BOOL">TRUE</field>
                      </block>
                    </value>
                  </block>
                </statement>
                <value name="IF1">
                  <block type="logic_compare" id="hi*OXvU5:N7eGcPINHR%">
                    <field name="OP">EQ</field>
                    <value name="A">
                      <block type="variables_get" id="pNr?7oL]1Av8YpnydSA(">
                        <field name="VAR" id="q%?wao.jxK|;3^N!NinC">ch</field>
                      </block>
                    </value>
                    <value name="B">
                      <block type="text" id=";_7ck8dxCF[t-uN1ADM{">
                        <field name="TEXT">a</field>
                      </block>
                    </value>
                  </block>
                </value>
                <statement name="DO1">
                  <block type="variables_set" id="b5kk28+D~M)`AeLvDczf">
                    <field name="VAR" id="kB:/-e8nfoc^+v!n-CsX">aPressed</field>
                    <value name="VALUE">
                      <block type="logic_boolean" id="`($i/(OMwRx@c0MJYnx:">
                        <field name="BOOL">TRUE</field>
                      </block>
                    </value>
                  </block>
                </statement>
                <value name="IF2">
                  <block type="logic_compare" id="$UlvTM8I0$,le!)W)2UB">
                    <field name="OP">EQ</field>
                    <value name="A">
                      <block type="variables_get" id="?Dz((-tqqJ|IY0AYDcG5">
                        <field name="VAR" id="q%?wao.jxK|;3^N!NinC">ch</field>
                      </block>
                    </value>
                    <value name="B">
                      <block type="text" id="eCfzO~g8cbzgf0f!W[k;">
                        <field name="TEXT">s</field>
                      </block>
                    </value>
                  </block>
                </value>
                <statement name="DO2">
                  <block type="variables_set" id="_75?sUw1H.pp.G,=a8J^">
                    <field name="VAR" id="5%aKHI_j)=]qgbZ-]tSB">sPressed</field>
                    <value name="VALUE">
                      <block type="logic_boolean" id="=!%#;|(v.^@k/QXz@Uh(">
                        <field name="BOOL">TRUE</field>
                      </block>
                    </value>
                  </block>
                </statement>
                <value name="IF3">
                  <block type="logic_compare" id="KtG?lBMMNgCywPJj4gP5">
                    <field name="OP">EQ</field>
                    <value name="A">
                      <block type="variables_get" id="n#,Ogr*{o54MS0c/sJx:">
                        <field name="VAR" id="q%?wao.jxK|;3^N!NinC">ch</field>
                      </block>
                    </value>
                    <value name="B">
                      <block type="text" id="cv)V;JVH)VK1A2-X:FTP">
                        <field name="TEXT">d</field>
                      </block>
                    </value>
                  </block>
                </value>
                <statement name="DO3">
                  <block type="variables_set" id="%ETf2vNi%qT~F?{N~j!l">
                    <field name="VAR" id="#,p1]:^wCjqhnA;,5_`g">dPressed</field>
                    <value name="VALUE">
                      <block type="logic_boolean" id="ZFq88y[Tvce%sXx2-`wP">
                        <field name="BOOL">TRUE</field>
                      </block>
                    </value>
                  </block>
                </statement>
              </block>
            </next>
          </block>
        </statement>
        <value name="IF1">
          <block type="logic_compare" id="-EensC1V00AEmL3h;5v`">
            <field name="OP">EQ</field>
            <value name="A">
              <block type="eventtype" id="^GWTua6/vfef~pAZn2%l">
                <value name="EVENT">
                  <block type="variables_get" id="{S=2^N$iccdO-oM.6,~b">
                    <field name="VAR" id="y%qJ[;(kMgRfwLm[hd:e">event</field>
                  </block>
                </value>
              </block>
            </value>
            <value name="B">
              <block type="events" id="^Wg_T;Bre9DKrSDZ6;a(">
                <field name="EVENT">KEYUP</field>
              </block>
            </value>
          </block>
        </value>
        <statement name="DO1">
          <block type="variables_set" id="2Y=0DWxPB?6^|uI(_fEK">
            <field name="VAR" id="q%?wao.jxK|;3^N!NinC">ch</field>
            <value name="VALUE">
              <block type="eventkey" id="_mvrBPe;:RuQ|GS6_EGt">
                <value name="EVENT">
                  <block type="variables_get" id="aLcy2XQG5?~DgQ-Nj#]e">
                    <field name="VAR" id="y%qJ[;(kMgRfwLm[hd:e">event</field>
                  </block>
                </value>
              </block>
            </value>
            <next>
              <block type="controls_if" id="`PO8v]a!%{1n70N%U7;)">
                <mutation elseif="3"></mutation>
                <value name="IF0">
                  <block type="logic_compare" id="ag5!ZRy-Sj}I!`pK2hp4">
                    <field name="OP">EQ</field>
                    <value name="A">
                      <block type="variables_get" id="nycsAI#5ju7Gp9$4Bp^5">
                        <field name="VAR" id="q%?wao.jxK|;3^N!NinC">ch</field>
                      </block>
                    </value>
                    <value name="B">
                      <block type="text" id="Yq0nK#GKj$?LZ|$(/!sa">
                        <field name="TEXT">w</field>
                      </block>
                    </value>
                  </block>
                </value>
                <statement name="DO0">
                  <block type="variables_set" id="T;Fk26h]B#$sXxi(Vo7/">
                    <field name="VAR" id="X^/*H,EDVOD%9ds}3o$e">wPressed</field>
                    <value name="VALUE">
                      <block type="logic_boolean" id="TAJN}[M3+SO5%vO:gNvd">
                        <field name="BOOL">FALSE</field>
                      </block>
                    </value>
                  </block>
                </statement>
                <value name="IF1">
                  <block type="logic_compare" id="CLykgTd*85.v)X`;Ja^f">
                    <field name="OP">EQ</field>
                    <value name="A">
                      <block type="variables_get" id="vBYm~gk[3}l~qmv@]}0^">
                        <field name="VAR" id="q%?wao.jxK|;3^N!NinC">ch</field>
                      </block>
                    </value>
                    <value name="B">
                      <block type="text" id="j[)VBQcgkW~qumhiSY,m">
                        <field name="TEXT">a</field>
                      </block>
                    </value>
                  </block>
                </value>
                <statement name="DO1">
                  <block type="variables_set" id="c?}BwV9^E27h+xeQ|$qk">
                    <field name="VAR" id="kB:/-e8nfoc^+v!n-CsX">aPressed</field>
                    <value name="VALUE">
                      <block type="logic_boolean" id="9_%vcE[ceCV7]f];Y?ay">
                        <field name="BOOL">FALSE</field>
                      </block>
                    </value>
                  </block>
                </statement>
                <value name="IF2">
                  <block type="logic_compare" id="@QN`fbdr]rt=uY{[9!46">
                    <field name="OP">EQ</field>
                    <value name="A">
                      <block type="variables_get" id="=M,U{Hu+0s$mSbV:@L#m">
                        <field name="VAR" id="q%?wao.jxK|;3^N!NinC">ch</field>
                      </block>
                    </value>
                    <value name="B">
                      <block type="text" id="R]zDdi*@54`YYIIg]X]u">
                        <field name="TEXT">s</field>
                      </block>
                    </value>
                  </block>
                </value>
                <statement name="DO2">
                  <block type="variables_set" id="V)BE(HG[a#Z$4AF9O@r$">
                    <field name="VAR" id="5%aKHI_j)=]qgbZ-]tSB">sPressed</field>
                    <value name="VALUE">
                      <block type="logic_boolean" id="QA26JD%)E3`n)%-=Y5)V">
                        <field name="BOOL">FALSE</field>
                      </block>
                    </value>
                  </block>
                </statement>
                <value name="IF3">
                  <block type="logic_compare" id="~/-1@X2CXdSH3A)`bB`O">
                    <field name="OP">EQ</field>
                    <value name="A">
                      <block type="variables_get" id="[Cd~WnCO2Tkl8n!~iqiy">
                        <field name="VAR" id="q%?wao.jxK|;3^N!NinC">ch</field>
                      </block>
                    </value>
                    <value name="B">
                      <block type="text" id="Ru|gOET?e0MwE|D|opRm">
                        <field name="TEXT">d</field>
                      </block>
                    </value>
                  </block>
                </value>
                <statement name="DO3">
                  <block type="variables_set" id="p4qa,:2Wu$.hujoQ6MZw">
                    <field name="VAR" id="#,p1]:^wCjqhnA;,5_`g">dPressed</field>
                    <value name="VALUE">
                      <block type="logic_boolean" id="B/k~$$Z.+Yg(qcB-?`2G">
                        <field name="BOOL">FALSE</field>
                      </block>
                    </value>
                  </block>
                </statement>
              </block>
            </next>
          </block>
        </statement>
      </block>
    </statement>
  </block>
  <block type="procedures_defnoreturn" id="c2#r;6cXxST,ee7HwClV" x="888" y="637">
    <field name="NAME">initVariables</field>
    <comment pinned="false" h="80" w="160">Describe this function...</comment>
    <statement name="STACK">
      <block type="variables_set" id="m|306;dc;XQ[:Z4+MtRJ">
        <field name="VAR" id="/^mA.iYZEzJE+f@7Bz?`">surface</field>
        <value name="VALUE">
          <block type="partialscreen" id=".}4HvY/E$PJ[c+AtH{jj">
            <value name="WIDTH">
              <block type="math_number" id="4}5usR(PSgrJ}F:+2|x%">
                <field name="NUM">600</field>
              </block>
            </value>
            <value name="HEIGHT">
              <block type="math_number" id="fl/VtohnXzN?#/z[i$m*">
                <field name="NUM">600</field>
              </block>
            </value>
            <value name="MODE">
              <block type="screenmode" id="zgA+U]3SRVvRuRjHod2M">
                <field name="MODE">RESIZABLE</field>
              </block>
            </value>
          </block>
        </value>
        <next>
          <block type="variables_set" id="b@{G6pH#?rvh)Z_7U?oP">
            <field name="VAR" id="~pr]/m+oNrD_n-p-s:p^">image</field>
            <value name="VALUE">
              <block type="loadimage" id="JC=Anz5c)d}n;i0dRoFK">
                <value name="FILENAME">
                  <block type="text" id="+v/W=JJpiX-kS!+K88NX">
                    <field name="TEXT">cannon.jpg</field>
                  </block>
                </value>
              </block>
            </value>
            <next>
              <block type="variables_set" id="q5BKIo(?=i`zb4xSnPhB">
                <field name="VAR" id="scCP*wEvL#)|Fn]Pfzm~">cannonX</field>
                <value name="VALUE">
                  <block type="math_number" id="I|cB/q=T]7-xt%|X8uRa">
                    <field name="NUM">100</field>
                  </block>
                </value>
                <next>
                  <block type="variables_set" id="j0k6O#kXE8}OO9yVsqoZ">
                    <field name="VAR" id="(B4M-)i}=y7Ucry_d11/">cannonY</field>
                    <value name="VALUE">
                      <block type="math_number" id=":w;zNc+VMraX4bi$3l].">
                        <field name="NUM">100</field>
                      </block>
                    </value>
                    <next>
                      <block type="variables_set" id="eth9frlO?v$R`SoJ9|Ps">
                        <field name="VAR" id="T7QZf[S+=v{+-Cn2F~oy">degree</field>
                        <value name="VALUE">
                          <block type="math_number" id="t4oHO+Ssm7F(7Z4piGM8">
                            <field name="NUM">0</field>
                          </block>
                        </value>
                        <next>
                          <block type="variables_set" id="L+@}A49APJ/$MF~?i0tW">
                            <field name="VAR" id="Auj8+S~6x$|gNVG8X.nB">taskTimer</field>
                            <value name="VALUE">
                              <block type="currenttime" id="+(DDbi0E+QGHnwBLaeS["></block>
                            </value>
                          </block>
                        </next>
                      </block>
                    </next>
                  </block>
                </next>
              </block>
            </next>
          </block>
        </next>
      </block>
    </statement>
  </block>
  <block type="pygameinit" id="67_yvU@DD/@3j@uv=+%a" x="887" y="888">
    <next>
      <block type="import" id="L9-JXEpbB-i+sb*%i1f8">
        <value name="LIBRARY">
          <block type="text" id="(YfS|VFVWni6yu}^-x|9">
            <field name="TEXT">time</field>
          </block>
        </value>
        <next>
          <block type="import" id="1[AF|oa9U!R,VX[X3ZdK">
            <value name="LIBRARY">
              <block type="text" id="gXJoBm/lv.H|QkT,*v)!">
                <field name="TEXT">math</field>
              </block>
            </value>
            <next>
              <block type="setcaption" id="b5jWu-r9EzE_!D7,fmk-">
                <value name="TITLE">
                  <block type="text" id="61uv^4N;oT+-CHBtnpV6">
                    <field name="TEXT">Move image based on wasd</field>
                  </block>
                </value>
                <next>
                  <block type="procedures_callnoreturn" id="39__M^h_bh5|wSQMkg#O">
                    <mutation name="initVariables"></mutation>
                    <next>
                      <block type="controls_whileUntil" id="F:%ql8KrxBz?cU!WX6,x">
                        <field name="MODE">WHILE</field>
                        <value name="BOOL">
                          <block type="logic_negate" id="IQSdhiszs2+Ct}$NxR6V">
                            <value name="BOOL">
                              <block type="variables_get" id="x?9srF~Le7#s,0hTmO+v">
                                <field name="VAR" id="3@H2xy|z]pFoIy;`OiUM">quit</field>
                              </block>
                            </value>
                          </block>
                        </value>
                        <statement name="DO">
                          <block type="variables_set" id="}Op?uw(95uXg?)DS,U)v">
                            <field name="VAR" id="y%qJ[;(kMgRfwLm[hd:e">event</field>
                            <value name="VALUE">
                              <block type="pollevent" id=":KSfrMMf*82K$mV!_dgm"></block>
                            </value>
                            <next>
                              <block type="controls_if" id=")bS%CY!KXf|lCQ+^QGfS">
                                <value name="IF0">
                                  <block type="logic_compare" id=",tBil,w?0vjkKM1ZFT#c">
                                    <field name="OP">EQ</field>
                                    <value name="A">
                                      <block type="eventtype" id="?!XIPEy7xAkZx8M,iWeQ">
                                        <value name="EVENT">
                                          <block type="variables_get" id=".B[yi@Z$JB.H/O6{H?*A">
                                            <field name="VAR" id="y%qJ[;(kMgRfwLm[hd:e">event</field>
                                          </block>
                                        </value>
                                      </block>
                                    </value>
                                    <value name="B">
                                      <block type="events" id="t%|O2l)gi?M76=.p75R:">
                                        <field name="EVENT">QUIT</field>
                                      </block>
                                    </value>
                                  </block>
                                </value>
                                <statement name="DO0">
                                  <block type="variables_set" id="+L=4+8hl`Qt.$R4xC07`">
                                    <field name="VAR" id="3@H2xy|z]pFoIy;`OiUM">quit</field>
                                    <value name="VALUE">
                                      <block type="logic_boolean" id="}Sx(u,|1kq*:em,iRbZE">
                                        <field name="BOOL">TRUE</field>
                                      </block>
                                    </value>
                                  </block>
                                </statement>
                                <next>
                                  <block type="procedures_callnoreturn" id="xJ+WU?BA;)#_+G80{5-H">
                                    <mutation name="handleKey">
                                      <arg name="event"></arg>
                                    </mutation>
                                    <value name="ARG0">
                                      <block type="variables_get" id="D?vIxYdXG_i;=Uq{(|xR">
                                        <field name="VAR" id="y%qJ[;(kMgRfwLm[hd:e">event</field>
                                      </block>
                                    </value>
                                    <next>
                                      <block type="controls_if" id="iZSC/V_KlIo(XfCsW(A|">
                                        <value name="IF0">
                                          <block type="logic_compare" id="CA(Cmy5]2*[#lKX9U57X">
                                            <field name="OP">GT</field>
                                            <value name="A">
                                              <block type="math_arithmetic" id="*C5WfybV5#C-)1rhZt:Y">
                                                <field name="OP">MINUS</field>
                                                <value name="A">
                                                  <shadow type="math_number" id="L^pVn0w=llvVs@PgYo`2">
                                                    <field name="NUM">1</field>
                                                  </shadow>
                                                  <block type="currenttime" id="LX7R4|%jBD0{!JSEFye5"></block>
                                                </value>
                                                <value name="B">
                                                  <shadow type="math_number" id="92b)}?HHWD@5q[8(VH[_">
                                                    <field name="NUM">1</field>
                                                  </shadow>
                                                  <block type="variables_get" id="sHt`!CW:Z%yFjz=Ny]wy">
                                                    <field name="VAR" id="Auj8+S~6x$|gNVG8X.nB">taskTimer</field>
                                                  </block>
                                                </value>
                                              </block>
                                            </value>
                                            <value name="B">
                                              <block type="math_number" id="8~V4]C)~u!W?t3Q2ldgI">
                                                <field name="NUM">0.1</field>
                                              </block>
                                            </value>
                                          </block>
                                        </value>
                                        <statement name="DO0">
                                          <block type="variables_set" id="]kFS6q)#J^qV*u/TyZl~">
                                            <field name="VAR" id="Auj8+S~6x$|gNVG8X.nB">taskTimer</field>
                                            <value name="VALUE">
                                              <block type="currenttime" id="PSKSb*SBikRO[cgJzdPq"></block>
                                            </value>
                                            <next>
                                              <block type="controls_if" id="j~jW8YIf6znsaV1sgcl/">
                                                <value name="IF0">
                                                  <block type="variables_get" id="i{e%M7;M+4ZflM/I4@fM">
                                                    <field name="VAR" id="X^/*H,EDVOD%9ds}3o$e">wPressed</field>
                                                  </block>
                                                </value>
                                                <statement name="DO0">
                                                  <block type="variables_set" id=".g5_O40oQUd;1r1VX(.)">
                                                    <field name="VAR" id="(B4M-)i}=y7Ucry_d11/">cannonY</field>
                                                    <value name="VALUE">
                                                      <block type="math_arithmetic" id="I}#d0Y~lSw.8QFTO/a{7">
                                                        <field name="OP">MINUS</field>
                                                        <value name="A">
                                                          <shadow type="math_number" id="F]GNi_Hdi_Na@K(N_Znu">
                                                            <field name="NUM">1</field>
                                                          </shadow>
                                                          <block type="variables_get" id="wRQexec;lVu6jiyThs,S">
                                                            <field name="VAR" id="(B4M-)i}=y7Ucry_d11/">cannonY</field>
                                                          </block>
                                                        </value>
                                                        <value name="B">
                                                          <shadow type="math_number" id="hQ:nu9AL(`]%anKO(CK`">
                                                            <field name="NUM">10</field>
                                                          </shadow>
                                                        </value>
                                                      </block>
                                                    </value>
                                                  </block>
                                                </statement>
                                                <next>
                                                  <block type="controls_if" id="e6+uk%)AIYCWWGfPi@8g">
                                                    <value name="IF0">
                                                      <block type="variables_get" id="=ai6~wir*1]]$PTMXAuZ">
                                                        <field name="VAR" id="kB:/-e8nfoc^+v!n-CsX">aPressed</field>
                                                      </block>
                                                    </value>
                                                    <statement name="DO0">
                                                      <block type="variables_set" id="Dk`fA.V`.q=+/2R^~$PJ">
                                                        <field name="VAR" id="scCP*wEvL#)|Fn]Pfzm~">cannonX</field>
                                                        <value name="VALUE">
                                                          <block type="math_arithmetic" id="UeWPGfp8-KtO,%g5URSR">
                                                            <field name="OP">MINUS</field>
                                                            <value name="A">
                                                              <shadow type="math_number">
                                                                <field name="NUM">1</field>
                                                              </shadow>
                                                              <block type="variables_get" id="`YI0@a(AY4Y)]|7QFo#b">
                                                                <field name="VAR" id="scCP*wEvL#)|Fn]Pfzm~">cannonX</field>
                                                              </block>
                                                            </value>
                                                            <value name="B">
                                                              <shadow type="math_number" id="S1a~7_J^_#(?]E-p|s}G">
                                                                <field name="NUM">10</field>
                                                              </shadow>
                                                            </value>
                                                          </block>
                                                        </value>
                                                      </block>
                                                    </statement>
                                                    <next>
                                                      <block type="controls_if" id="K2xyGe*Pwh-hCUHo`AfU">
                                                        <value name="IF0">
                                                          <block type="variables_get" id="^9[32/@slKg9Eq(u=?+G">
                                                            <field name="VAR" id="5%aKHI_j)=]qgbZ-]tSB">sPressed</field>
                                                          </block>
                                                        </value>
                                                        <statement name="DO0">
                                                          <block type="variables_set" id="$q8A0tLs;Yw~e|z9?kAO">
                                                            <field name="VAR" id="(B4M-)i}=y7Ucry_d11/">cannonY</field>
                                                            <value name="VALUE">
                                                              <block type="math_arithmetic" id="rp%R~$tK@?obi7~+Heg(">
                                                                <field name="OP">ADD</field>
                                                                <value name="A">
                                                                  <shadow type="math_number">
                                                                    <field name="NUM">1</field>
                                                                  </shadow>
                                                                  <block type="variables_get" id="2CX6Gi{P|tvk|!xR%r)K">
                                                                    <field name="VAR" id="(B4M-)i}=y7Ucry_d11/">cannonY</field>
                                                                  </block>
                                                                </value>
                                                                <value name="B">
                                                                  <shadow type="math_number" id="Ad^t5EsMQf,jy/GLkp~$">
                                                                    <field name="NUM">10</field>
                                                                  </shadow>
                                                                </value>
                                                              </block>
                                                            </value>
                                                          </block>
                                                        </statement>
                                                        <next>
                                                          <block type="controls_if" id=")v0.qz,F3/ubSzS#q}]:">
                                                            <value name="IF0">
                                                              <block type="variables_get" id="B0G/pUvLQOyAl1oaimxd">
                                                                <field name="VAR" id="#,p1]:^wCjqhnA;,5_`g">dPressed</field>
                                                              </block>
                                                            </value>
                                                            <statement name="DO0">
                                                              <block type="variables_set" id=";J56[ugO(Hk8_okHH9Ys">
                                                                <field name="VAR" id="scCP*wEvL#)|Fn]Pfzm~">cannonX</field>
                                                                <value name="VALUE">
                                                                  <block type="math_arithmetic" id="PVW_o~=z[#w_H_4%XdFL">
                                                                    <field name="OP">ADD</field>
                                                                    <value name="A">
                                                                      <shadow type="math_number">
                                                                        <field name="NUM">1</field>
                                                                      </shadow>
                                                                      <block type="variables_get" id="jUs[:55efUk!Iu)w{!02">
                                                                        <field name="VAR" id="scCP*wEvL#)|Fn]Pfzm~">cannonX</field>
                                                                      </block>
                                                                    </value>
                                                                    <value name="B">
                                                                      <shadow type="math_number" id="E_QCj5eD}n.lnOx72Dk{">
                                                                        <field name="NUM">10</field>
                                                                      </shadow>
                                                                    </value>
                                                                  </block>
                                                                </value>
                                                              </block>
                                                            </statement>
                                                            <next>
                                                              <block type="drawimage" id="u]XuS`)-0:T8Smpn_(4T">
                                                                <value name="IMAGE">
                                                                  <block type="variables_get" id="Pg$JPG(;$s1[|=j_AW4w">
                                                                    <field name="VAR" id="~pr]/m+oNrD_n-p-s:p^">image</field>
                                                                  </block>
                                                                </value>
                                                                <value name="SURFACE">
                                                                  <block type="variables_get" id="g%0:o,DOqj.U54;8K|f$">
                                                                    <field name="VAR" id="/^mA.iYZEzJE+f@7Bz?`">surface</field>
                                                                  </block>
                                                                </value>
                                                                <value name="POSITION">
                                                                  <block type="position" id=";^$_{v_l,RL^PrRz-iyW">
                                                                    <value name="X">
                                                                      <block type="variables_get" id="NWhw~zLQwR{9u{0]Okmy">
                                                                        <field name="VAR" id="scCP*wEvL#)|Fn]Pfzm~">cannonX</field>
                                                                      </block>
                                                                    </value>
                                                                    <value name="Y">
                                                                      <block type="variables_get" id="r0}/$(B*eP]BWL)Dp42g">
                                                                        <field name="VAR" id="(B4M-)i}=y7Ucry_d11/">cannonY</field>
                                                                      </block>
                                                                    </value>
                                                                  </block>
                                                                </value>
                                                              </block>
                                                            </next>
                                                          </block>
                                                        </next>
                                                      </block>
                                                    </next>
                                                  </block>
                                                </next>
                                              </block>
                                            </next>
                                          </block>
                                        </statement>
                                      </block>
                                    </next>
                                  </block>
                                </next>
                              </block>
                            </next>
                          </block>
                        </statement>
                      </block>
                    </next>
                  </block>
                </next>
              </block>
            </next>
          </block>
        </next>
      </block>
    </next>
  </block>
</xml>