<xml xmlns="https://developers.google.com/blockly/xml">
  <variables>
    <variable id="/^mA.iYZEzJE+f@7Bz?`">surface</variable>
  </variables>
  <block type="pygameinit" id="67_yvU@DD/@3j@uv=+%a" x="13" y="88">
    <next>
      <block type="setcaption" id="b5jWu-r9EzE_!D7,fmk-">
        <value name="TITLE">
          <block type="text" id="61uv^4N;oT+-CHBtnpV6">
            <field name="TEXT">Line Circle Application</field>
          </block>
        </value>
        <next>
          <block type="variables_set" id="m|306;dc;XQ[:Z4+MtRJ">
            <field name="VAR" id="/^mA.iYZEzJE+f@7Bz?`">surface</field>
            <value name="VALUE">
              <block type="partialscreen" id=".}4HvY/E$PJ[c+AtH{jj">
                <value name="WIDTH">
                  <block type="math_number" id="4}5usR(PSgrJ}F:+2|x%">
                    <field name="NUM">400</field>
                  </block>
                </value>
                <value name="HEIGHT">
                  <block type="math_number" id="fl/VtohnXzN?#/z[i$m*">
                    <field name="NUM">200</field>
                  </block>
                </value>
                <value name="MODE">
                  <block type="screenmode" id="zgA+U]3SRVvRuRjHod2M">
                    <field name="MODE">RESIZABLE</field>
                  </block>
                </value>
              </block>
            </value>
            <next>
              <block type="drawcircle" id="Ta1iln3C-|;FlSzK!0D(">
                <value name="SURFACE">
                  <block type="variables_get" id="ilH;ToJp*MNpy)O=@}ja">
                    <field name="VAR" id="/^mA.iYZEzJE+f@7Bz?`">surface</field>
                  </block>
                </value>
                <value name="POSITION">
                  <block type="position" id="jdpG_6bF!s_~8I@oCx`c">
                    <value name="X">
                      <block type="math_number" id="rHF]){F`%Dzh2]G2Y5rg">
                        <field name="NUM">100</field>
                      </block>
                    </value>
                    <value name="Y">
                      <block type="math_number" id="Ux}!Kp`ck/{:{BObGezT">
                        <field name="NUM">100</field>
                      </block>
                    </value>
                  </block>
                </value>
                <value name="COLOR">
                  <block type="colour_picker" id="DCAcrUjn:tC@.48^:?}[">
                    <field name="COLOUR">#ffff00</field>
                  </block>
                </value>
                <value name="RADIUS">
                  <block type="math_number" id="%aC(G%SGh:g[~IY1j0KO">
                    <field name="NUM">50</field>
                  </block>
                </value>
                <next>
                  <block type="waitevent" id="dc*B9jOQGiQd|Uf$MEg/">
                    <value name="EVENT">
                      <block type="events" id="vu0hjiMs(|Wy}W}c1L.R">
                        <field name="EVENT">VIDEORESIZE</field>
                      </block>
                    </value>
                  </block>
                </next>
              </block>
            </next>
          </block>
        </next>
      </block>
    </next>
  </block>
</xml>