<xml xmlns="https://developers.google.com/blockly/xml">
  <variables>
    <variable id="/^mA.iYZEzJE+f@7Bz?`">surface</variable>
  </variables>
  <block type="pygameinit" id="67_yvU@DD/@3j@uv=+%a" x="113" y="63">
    <next>
      <block type="setcaption" id="b5jWu-r9EzE_!D7,fmk-">
        <value name="TITLE">
          <block type="text" id="61uv^4N;oT+-CHBtnpV6">
            <field name="TEXT">Line Draw Application</field>
          </block>
        </value>
        <next>
          <block type="variables_set" id="m|306;dc;XQ[:Z4+MtRJ">
            <field name="VAR" id="/^mA.iYZEzJE+f@7Bz?`">surface</field>
            <value name="VALUE">
              <block type="partialscreen" id=".}4HvY/E$PJ[c+AtH{jj">
                <value name="WIDTH">
                  <block type="math_number" id="4}5usR(PSgrJ}F:+2|x%">
                    <field name="NUM">400</field>
                  </block>
                </value>
                <value name="HEIGHT">
                  <block type="math_number" id="fl/VtohnXzN?#/z[i$m*">
                    <field name="NUM">200</field>
                  </block>
                </value>
                <value name="MODE">
                  <block type="screenmode" id="zgA+U]3SRVvRuRjHod2M">
                    <field name="MODE">RESIZABLE</field>
                  </block>
                </value>
              </block>
            </value>
            <next>
              <block type="drawline" id="sncwnXKSF9!!DKN|i+X0">
                <value name="SURFACE">
                  <block type="variables_get" id="ilH;ToJp*MNpy)O=@}ja">
                    <field name="VAR" id="/^mA.iYZEzJE+f@7Bz?`">surface</field>
                  </block>
                </value>
                <value name="POSITION1">
                  <block type="position" id="bOq1rgziz3)nUx#JSi*t">
                    <value name="X">
                      <block type="math_number" id="1r!{]u(?lgV?;e5iJ,:}">
                        <field name="NUM">10</field>
                      </block>
                    </value>
                    <value name="Y">
                      <block type="math_number" id="X}wT+A{$,[(N7aT6JLuJ">
                        <field name="NUM">10</field>
                      </block>
                    </value>
                  </block>
                </value>
                <value name="POSITION2">
                  <block type="position" id="4HH8Ai1SL+rz+C`/OjSG">
                    <value name="X">
                      <block type="math_number" id="PF8Oxkd+%-`cUn~i]jy3">
                        <field name="NUM">100</field>
                      </block>
                    </value>
                    <value name="Y">
                      <block type="math_number" id="`C7V^)A9^7r(MXm!Z7jh">
                        <field name="NUM">100</field>
                      </block>
                    </value>
                  </block>
                </value>
                <value name="COLOR">
                  <block type="colour_picker" id="DCAcrUjn:tC@.48^:?}[">
                    <field name="COLOUR">#3366ff</field>
                  </block>
                </value>
                <next>
                  <block type="waitevent" id="1z`-g]{M2v/dovQ4t.Id">
                    <value name="EVENT">
                      <block type="events" id="a!LOn_lbOL(c/+`4`;4c">
                        <field name="EVENT">MOUSEBUTTONUP</field>
                      </block>
                    </value>
                  </block>
                </next>
              </block>
            </next>
          </block>
        </next>
      </block>
    </next>
  </block>
</xml>