<xml xmlns="https://developers.google.com/blockly/xml">
  <variables>
    <variable id="l2ug)Cvh^-AIDAj[aO1J">startTime</variable>
    <variable id="/^mA.iYZEzJE+f@7Bz?`">surface</variable>
    <variable id="JJ$iW=?^skR[l%]S)%OS">elapsedTime</variable>
    <variable id="~pr]/m+oNrD_n-p-s:p^">image</variable>
    <variable id="T7QZf[S+=v{+-Cn2F~oy">degree</variable>
    <variable id="M.e^T%SRS5c@)Xx@uEaZ">img</variable>
  </variables>
  <block type="pygameinit" id="67_yvU@DD/@3j@uv=+%a" x="88" y="88">
    <next>
      <block type="imports" id="v`#0rwKS,QHIkbH/sU.R">
        <next>
          <block type="setcaption" id="b5jWu-r9EzE_!D7,fmk-">
            <value name="TITLE">
              <block type="text" id="61uv^4N;oT+-CHBtnpV6">
                <field name="TEXT">Rotate Image Application</field>
              </block>
            </value>
            <next>
              <block type="variables_set" id="L*x$k1)9o|PkXkNx/d(y">
                <field name="VAR" id="l2ug)Cvh^-AIDAj[aO1J">startTime</field>
                <value name="VALUE">
                  <block type="currenttime" id="f}bXvcx2J@6dtR./g4(?"></block>
                </value>
                <next>
                  <block type="variables_set" id="m|306;dc;XQ[:Z4+MtRJ">
                    <field name="VAR" id="/^mA.iYZEzJE+f@7Bz?`">surface</field>
                    <value name="VALUE">
                      <block type="partialscreen" id=".}4HvY/E$PJ[c+AtH{jj">
                        <value name="WIDTH">
                          <block type="math_number" id="4}5usR(PSgrJ}F:+2|x%">
                            <field name="NUM">600</field>
                          </block>
                        </value>
                        <value name="HEIGHT">
                          <block type="math_number" id="fl/VtohnXzN?#/z[i$m*">
                            <field name="NUM">600</field>
                          </block>
                        </value>
                        <value name="MODE">
                          <block type="screenmode" id="zgA+U]3SRVvRuRjHod2M">
                            <field name="MODE">RESIZABLE</field>
                          </block>
                        </value>
                      </block>
                    </value>
                    <next>
                      <block type="variables_set" id="v`ilP^DG$byc^+2w)o1y">
                        <field name="VAR" id="JJ$iW=?^skR[l%]S)%OS">elapsedTime</field>
                        <value name="VALUE">
                          <block type="math_number" id="]vJtsPILVMXjzefLzTBf">
                            <field name="NUM">0</field>
                          </block>
                        </value>
                        <next>
                          <block type="variables_set" id="b@{G6pH#?rvh)Z_7U?oP">
                            <field name="VAR" id="~pr]/m+oNrD_n-p-s:p^">image</field>
                            <value name="VALUE">
                              <block type="loadimage" id="JC=Anz5c)d}n;i0dRoFK">
                                <value name="FILENAME">
                                  <block type="text" id="+v/W=JJpiX-kS!+K88NX">
                                    <field name="TEXT">vangogh.jpg</field>
                                  </block>
                                </value>
                              </block>
                            </value>
                            <next>
                              <block type="variables_set" id="C@hG;ZOk`vGMNd6Y?_j/">
                                <field name="VAR" id="T7QZf[S+=v{+-Cn2F~oy">degree</field>
                                <value name="VALUE">
                                  <block type="math_number" id="Jo]/23vP-F53$9EqMq1z">
                                    <field name="NUM">0</field>
                                  </block>
                                </value>
                                <next>
                                  <block type="controls_whileUntil" id="F:%ql8KrxBz?cU!WX6,x">
                                    <field name="MODE">WHILE</field>
                                    <value name="BOOL">
                                      <block type="logic_compare" id="DE=MX^TrgN*d|t|Lxaqi">
                                        <field name="OP">LT</field>
                                        <value name="A">
                                          <block type="variables_get" id="v$KZ=k^sSf91lJMu:[7-">
                                            <field name="VAR" id="JJ$iW=?^skR[l%]S)%OS">elapsedTime</field>
                                          </block>
                                        </value>
                                        <value name="B">
                                          <block type="math_number" id="HZ3dC#.x:ClRbS_Y:wq(">
                                            <field name="NUM">10</field>
                                          </block>
                                        </value>
                                      </block>
                                    </value>
                                    <statement name="DO">
                                      <block type="variables_set" id="o}kGGDq|b1~8VYS+Z=Hj">
                                        <field name="VAR" id="T7QZf[S+=v{+-Cn2F~oy">degree</field>
                                        <value name="VALUE">
                                          <block type="math_arithmetic" id="?vRrcxXSy78v`^oSmr9m">
                                            <field name="OP">ADD</field>
                                            <value name="A">
                                              <shadow type="math_number" id="K3Y;T8n5RYpBip-u%K%J">
                                                <field name="NUM">1</field>
                                              </shadow>
                                              <block type="variables_get" id="M!.N6zi7-4X.itC%uGGg">
                                                <field name="VAR" id="T7QZf[S+=v{+-Cn2F~oy">degree</field>
                                              </block>
                                            </value>
                                            <value name="B">
                                              <shadow type="math_number" id="m%lO,XB9GDLcoc#-zh{d">
                                                <field name="NUM">30</field>
                                              </shadow>
                                            </value>
                                          </block>
                                        </value>
                                        <next>
                                          <block type="variables_set" id="7l:mYon/hj7S_l(+9JKR">
                                            <field name="VAR" id="JJ$iW=?^skR[l%]S)%OS">elapsedTime</field>
                                            <value name="VALUE">
                                              <block type="elapsedtime" id="R_]$K4_lrNwCmi~w|*Nl">
                                                <value name="STARTTIME">
                                                  <block type="variables_get" id="/BK[^WX`Mo@`xYhY7Aog">
                                                    <field name="VAR" id="l2ug)Cvh^-AIDAj[aO1J">startTime</field>
                                                  </block>
                                                </value>
                                              </block>
                                            </value>
                                            <next>
                                              <block type="variables_set" id="zv|Bkt=-8xnh7aiRhPmB">
                                                <field name="VAR" id="M.e^T%SRS5c@)Xx@uEaZ">img</field>
                                                <value name="VALUE">
                                                  <block type="rotateimage" id="=[s3;^#n_uy~%S0C%cjq">
                                                    <value name="IMAGE">
                                                      <block type="variables_get" id="AADkh/9Ag|*yq+.dDsOI">
                                                        <field name="VAR" id="~pr]/m+oNrD_n-p-s:p^">image</field>
                                                      </block>
                                                    </value>
                                                    <value name="DEGREE">
                                                      <block type="variables_get" id="Ch@2JyX3z=eUl@CtR;qA">
                                                        <field name="VAR" id="T7QZf[S+=v{+-Cn2F~oy">degree</field>
                                                      </block>
                                                    </value>
                                                  </block>
                                                </value>
                                                <next>
                                                  <block type="drawimage" id="u]XuS`)-0:T8Smpn_(4T">
                                                    <value name="IMAGE">
                                                      <block type="variables_get" id="Pg$JPG(;$s1[|=j_AW4w">
                                                        <field name="VAR" id="M.e^T%SRS5c@)Xx@uEaZ">img</field>
                                                      </block>
                                                    </value>
                                                    <value name="SURFACE">
                                                      <block type="variables_get" id="g%0:o,DOqj.U54;8K|f$">
                                                        <field name="VAR" id="/^mA.iYZEzJE+f@7Bz?`">surface</field>
                                                      </block>
                                                    </value>
                                                    <value name="POSITION">
                                                      <block type="position" id="zkAR|V$1320Y/$r6B6Gj">
                                                        <value name="X">
                                                          <block type="math_number" id="GrttsRJ+LLwIOrjggND]">
                                                            <field name="NUM">300</field>
                                                          </block>
                                                        </value>
                                                        <value name="Y">
                                                          <block type="math_number" id="bI[CA-0f7{mDn1t,L|[n">
                                                            <field name="NUM">300</field>
                                                          </block>
                                                        </value>
                                                      </block>
                                                    </value>
                                                    <next>
                                                      <block type="wait" id="}pyjSG!mo$IOr*t./#(/">
                                                        <value name="SECONDS">
                                                          <block type="math_number" id="6X}}94^3jS|Q8*|Tt3e4">
                                                            <field name="NUM">1</field>
                                                          </block>
                                                        </value>
                                                      </block>
                                                    </next>
                                                  </block>
                                                </next>
                                              </block>
                                            </next>
                                          </block>
                                        </next>
                                      </block>
                                    </statement>
                                  </block>
                                </next>
                              </block>
                            </next>
                          </block>
                        </next>
                      </block>
                    </next>
                  </block>
                </next>
              </block>
            </next>
          </block>
        </next>
      </block>
    </next>
  </block>
</xml>