<xml xmlns="https://developers.google.com/blockly/xml">
  <variables>
    <variable id="/^mA.iYZEzJE+f@7Bz?`">surface</variable>
    <variable id="~pr]/m+oNrD_n-p-s:p^">image</variable>
    <variable id="scCP*wEvL#)|Fn]Pfzm~">cannonX</variable>
    <variable id="(B4M-)i}=y7Ucry_d11/">cannonY</variable>
    <variable id="T7QZf[S+=v{+-Cn2F~oy">degree</variable>
    <variable id="Auj8+S~6x$|gNVG8X.nB">taskTimer</variable>
    <variable id="y%qJ[;(kMgRfwLm[hd:e">event</variable>
    <variable id="3@H2xy|z]pFoIy;`OiUM">quit</variable>
    <variable id="q%?wao.jxK|;3^N!NinC">ch</variable>
    <variable id="X^/*H,EDVOD%9ds}3o$e">wPressed</variable>
    <variable id="kB:/-e8nfoc^+v!n-CsX">aPressed</variable>
    <variable id="5%aKHI_j)=]qgbZ-]tSB">sPressed</variable>
    <variable id="#,p1]:^wCjqhnA;,5_`g">dPressed</variable>
  </variables>
  <block type="pygameinit" id="67_yvU@DD/@3j@uv=+%a" x="140" y="523">
    <next>
      <block type="import" id="L9-JXEpbB-i+sb*%i1f8">
        <value name="LIBRARY">
          <block type="text" id="(YfS|VFVWni6yu}^-x|9">
            <field name="TEXT">time</field>
          </block>
        </value>
        <next>
          <block type="import" id="1[AF|oa9U!R,VX[X3ZdK">
            <value name="LIBRARY">
              <block type="text" id="gXJoBm/lv.H|QkT,*v)!">
                <field name="TEXT">math</field>
              </block>
            </value>
            <next>
              <block type="setcaption" id="b5jWu-r9EzE_!D7,fmk-">
                <value name="TITLE">
                  <block type="text" id="61uv^4N;oT+-CHBtnpV6">
                    <field name="TEXT">Move image based on wasd</field>
                  </block>
                </value>
                <next>
                  <block type="variables_set" id="m|306;dc;XQ[:Z4+MtRJ">
                    <field name="VAR" id="/^mA.iYZEzJE+f@7Bz?`">surface</field>
                    <value name="VALUE">
                      <block type="partialscreen" id=".}4HvY/E$PJ[c+AtH{jj">
                        <value name="WIDTH">
                          <block type="math_number" id="4}5usR(PSgrJ}F:+2|x%">
                            <field name="NUM">600</field>
                          </block>
                        </value>
                        <value name="HEIGHT">
                          <block type="math_number" id="fl/VtohnXzN?#/z[i$m*">
                            <field name="NUM">600</field>
                          </block>
                        </value>
                        <value name="MODE">
                          <block type="screenmode" id="zgA+U]3SRVvRuRjHod2M">
                            <field name="MODE">RESIZABLE</field>
                          </block>
                        </value>
                      </block>
                    </value>
                    <next>
                      <block type="variables_set" id="b@{G6pH#?rvh)Z_7U?oP">
                        <field name="VAR" id="~pr]/m+oNrD_n-p-s:p^">image</field>
                        <value name="VALUE">
                          <block type="loadimage" id="JC=Anz5c)d}n;i0dRoFK">
                            <value name="FILENAME">
                              <block type="text" id="+v/W=JJpiX-kS!+K88NX">
                                <field name="TEXT">cannon.jpg</field>
                              </block>
                            </value>
                          </block>
                        </value>
                        <next>
                          <block type="variables_set" id="q5BKIo(?=i`zb4xSnPhB">
                            <field name="VAR" id="scCP*wEvL#)|Fn]Pfzm~">cannonX</field>
                            <value name="VALUE">
                              <block type="math_number" id="I|cB/q=T]7-xt%|X8uRa">
                                <field name="NUM">100</field>
                              </block>
                            </value>
                            <next>
                              <block type="variables_set" id="j0k6O#kXE8}OO9yVsqoZ">
                                <field name="VAR" id="(B4M-)i}=y7Ucry_d11/">cannonY</field>
                                <value name="VALUE">
                                  <block type="math_number" id=":w;zNc+VMraX4bi$3l].">
                                    <field name="NUM">100</field>
                                  </block>
                                </value>
                                <next>
                                  <block type="variables_set" id="eth9frlO?v$R`SoJ9|Ps">
                                    <field name="VAR" id="T7QZf[S+=v{+-Cn2F~oy">degree</field>
                                    <value name="VALUE">
                                      <block type="math_number" id="t4oHO+Ssm7F(7Z4piGM8">
                                        <field name="NUM">0</field>
                                      </block>
                                    </value>
                                    <next>
                                      <block type="variables_set" id="L+@}A49APJ/$MF~?i0tW">
                                        <field name="VAR" id="Auj8+S~6x$|gNVG8X.nB">taskTimer</field>
                                        <value name="VALUE">
                                          <block type="currenttime" id="+(DDbi0E+QGHnwBLaeS["></block>
                                        </value>
                                        <next>
                                          <block type="controls_whileUntil" id="F:%ql8KrxBz?cU!WX6,x">
                                            <field name="MODE">WHILE</field>
                                            <value name="BOOL">
                                              <block type="logic_negate" id="IQSdhiszs2+Ct}$NxR6V">
                                                <value name="BOOL">
                                                  <block type="variables_get" id="x?9srF~Le7#s,0hTmO+v">
                                                    <field name="VAR" id="3@H2xy|z]pFoIy;`OiUM">quit</field>
                                                  </block>
                                                </value>
                                              </block>
                                            </value>
                                            <statement name="DO">
                                              <block type="variables_set" id="}Op?uw(95uXg?)DS,U)v">
                                                <field name="VAR" id="y%qJ[;(kMgRfwLm[hd:e">event</field>
                                                <value name="VALUE">
                                                  <block type="pollevent" id=":KSfrMMf*82K$mV!_dgm"></block>
                                                </value>
                                                <next>
                                                  <block type="controls_if" id="zc|.^*~n8EEARnYwG+#?">
                                                    <mutation elseif="2"></mutation>
                                                    <value name="IF0">
                                                      <block type="logic_compare" id=",tBil,w?0vjkKM1ZFT#c">
                                                        <field name="OP">EQ</field>
                                                        <value name="A">
                                                          <block type="eventtype" id="?!XIPEy7xAkZx8M,iWeQ">
                                                            <value name="EVENT">
                                                              <block type="variables_get" id=".B[yi@Z$JB.H/O6{H?*A">
                                                                <field name="VAR" id="y%qJ[;(kMgRfwLm[hd:e">event</field>
                                                              </block>
                                                            </value>
                                                          </block>
                                                        </value>
                                                        <value name="B">
                                                          <block type="events" id="t%|O2l)gi?M76=.p75R:">
                                                            <field name="EVENT">QUIT</field>
                                                          </block>
                                                        </value>
                                                      </block>
                                                    </value>
                                                    <statement name="DO0">
                                                      <block type="variables_set" id="+L=4+8hl`Qt.$R4xC07`">
                                                        <field name="VAR" id="3@H2xy|z]pFoIy;`OiUM">quit</field>
                                                        <value name="VALUE">
                                                          <block type="logic_boolean" id="}Sx(u,|1kq*:em,iRbZE">
                                                            <field name="BOOL">TRUE</field>
                                                          </block>
                                                        </value>
                                                      </block>
                                                    </statement>
                                                    <value name="IF1">
                                                      <block type="logic_compare" id="dNK`hhNUVuaR//21a6TT">
                                                        <field name="OP">EQ</field>
                                                        <value name="A">
                                                          <block type="eventtype" id="Z$-:`s#y.|Xjb_z@d4(r">
                                                            <value name="EVENT">
                                                              <block type="variables_get" id="YT[txoT!Plnu5CA[;v$a">
                                                                <field name="VAR" id="y%qJ[;(kMgRfwLm[hd:e">event</field>
                                                              </block>
                                                            </value>
                                                          </block>
                                                        </value>
                                                        <value name="B">
                                                          <block type="events" id="H)ACI`]S9yIc{}69i$6i">
                                                            <field name="EVENT">KEYDOWN</field>
                                                          </block>
                                                        </value>
                                                      </block>
                                                    </value>
                                                    <statement name="DO1">
                                                      <block type="variables_set" id="$n|Z1K/$H?y@XHgB@o(X">
                                                        <field name="VAR" id="q%?wao.jxK|;3^N!NinC">ch</field>
                                                        <value name="VALUE">
                                                          <block type="eventkey" id="6wtFr$_1tO`.77(X,97U">
                                                            <value name="EVENT">
                                                              <block type="variables_get" id="=9U(x9OnsVEKJkBL9|+Y">
                                                                <field name="VAR" id="y%qJ[;(kMgRfwLm[hd:e">event</field>
                                                              </block>
                                                            </value>
                                                          </block>
                                                        </value>
                                                        <next>
                                                          <block type="controls_if" id="ZE*BEV2ONRQ9V1##];BB">
                                                            <mutation elseif="3"></mutation>
                                                            <value name="IF0">
                                                              <block type="logic_compare" id="s%lL=X;j4hj5D$S=9(^E">
                                                                <field name="OP">EQ</field>
                                                                <value name="A">
                                                                  <block type="variables_get" id="Pbk@,)PAU~DWr5e*n%6S">
                                                                    <field name="VAR" id="q%?wao.jxK|;3^N!NinC">ch</field>
                                                                  </block>
                                                                </value>
                                                                <value name="B">
                                                                  <block type="text" id="NRSJ@`8hc%)Q`u%=Z;1#">
                                                                    <field name="TEXT">w</field>
                                                                  </block>
                                                                </value>
                                                              </block>
                                                            </value>
                                                            <statement name="DO0">
                                                              <block type="variables_set" id="L=kuo+yXn{`]09EoP7[,">
                                                                <field name="VAR" id="X^/*H,EDVOD%9ds}3o$e">wPressed</field>
                                                                <value name="VALUE">
                                                                  <block type="logic_boolean" id="[ovHX0GRpzkmn68tWr__">
                                                                    <field name="BOOL">TRUE</field>
                                                                  </block>
                                                                </value>
                                                              </block>
                                                            </statement>
                                                            <value name="IF1">
                                                              <block type="logic_compare" id="?*aZO5^[;N?Bja~/[M;J">
                                                                <field name="OP">EQ</field>
                                                                <value name="A">
                                                                  <block type="variables_get" id="Q(a?ji+YVJLP3c(m+!g0">
                                                                    <field name="VAR" id="q%?wao.jxK|;3^N!NinC">ch</field>
                                                                  </block>
                                                                </value>
                                                                <value name="B">
                                                                  <block type="text" id="T;9J)0xENl5:[kLsNm#.">
                                                                    <field name="TEXT">a</field>
                                                                  </block>
                                                                </value>
                                                              </block>
                                                            </value>
                                                            <statement name="DO1">
                                                              <block type="variables_set" id="dI+1l0[,rEKY9Q3`5klf">
                                                                <field name="VAR" id="kB:/-e8nfoc^+v!n-CsX">aPressed</field>
                                                                <value name="VALUE">
                                                                  <block type="logic_boolean" id="{(hj)vEsuaN]=+1%v#=1">
                                                                    <field name="BOOL">TRUE</field>
                                                                  </block>
                                                                </value>
                                                              </block>
                                                            </statement>
                                                            <value name="IF2">
                                                              <block type="logic_compare" id="Mm:#sWlj3B^k-$lH@(1h">
                                                                <field name="OP">EQ</field>
                                                                <value name="A">
                                                                  <block type="variables_get" id="NcH!1@#Fz3@cix,:=)bc">
                                                                    <field name="VAR" id="q%?wao.jxK|;3^N!NinC">ch</field>
                                                                  </block>
                                                                </value>
                                                                <value name="B">
                                                                  <block type="text" id="K[?dorI-l[2B0U#tkA{W">
                                                                    <field name="TEXT">s</field>
                                                                  </block>
                                                                </value>
                                                              </block>
                                                            </value>
                                                            <statement name="DO2">
                                                              <block type="variables_set" id="%4+Nr}xRA%kCPC:x}km=">
                                                                <field name="VAR" id="5%aKHI_j)=]qgbZ-]tSB">sPressed</field>
                                                                <value name="VALUE">
                                                                  <block type="logic_boolean" id="L+,k#o+^k@aq75.5[RXd">
                                                                    <field name="BOOL">TRUE</field>
                                                                  </block>
                                                                </value>
                                                              </block>
                                                            </statement>
                                                            <value name="IF3">
                                                              <block type="logic_compare" id="^Zn/RGJy2gW:9QK=;-?-">
                                                                <field name="OP">EQ</field>
                                                                <value name="A">
                                                                  <block type="variables_get" id="4@Mo{yQ54E;-7e-SlSc-">
                                                                    <field name="VAR" id="q%?wao.jxK|;3^N!NinC">ch</field>
                                                                  </block>
                                                                </value>
                                                                <value name="B">
                                                                  <block type="text" id="Pf:%`84aT%)GzG`Kf/PI">
                                                                    <field name="TEXT">d</field>
                                                                  </block>
                                                                </value>
                                                              </block>
                                                            </value>
                                                            <statement name="DO3">
                                                              <block type="variables_set" id=")[Hh47A)?Q?/Q0`|N!QX">
                                                                <field name="VAR" id="#,p1]:^wCjqhnA;,5_`g">dPressed</field>
                                                                <value name="VALUE">
                                                                  <block type="logic_boolean" id=")IAWpDU/PU5ZaIkJw85i">
                                                                    <field name="BOOL">TRUE</field>
                                                                  </block>
                                                                </value>
                                                              </block>
                                                            </statement>
                                                          </block>
                                                        </next>
                                                      </block>
                                                    </statement>
                                                    <value name="IF2">
                                                      <block type="logic_compare" id="]f7ZZO(i_rChvu/ga|6E">
                                                        <field name="OP">EQ</field>
                                                        <value name="A">
                                                          <block type="eventtype" id="2h+L5PV?.D0{MII9?AyC">
                                                            <value name="EVENT">
                                                              <block type="variables_get" id="/Sgc=N:OILM6N:Uh`C5F">
                                                                <field name="VAR" id="y%qJ[;(kMgRfwLm[hd:e">event</field>
                                                              </block>
                                                            </value>
                                                          </block>
                                                        </value>
                                                        <value name="B">
                                                          <block type="events" id="F%D}?StYHU1^Q1$H@ofA">
                                                            <field name="EVENT">KEYUP</field>
                                                          </block>
                                                        </value>
                                                      </block>
                                                    </value>
                                                    <statement name="DO2">
                                                      <block type="variables_set" id="Of;Wu~`A}G/n_)^K$-IQ">
                                                        <field name="VAR" id="q%?wao.jxK|;3^N!NinC">ch</field>
                                                        <value name="VALUE">
                                                          <block type="eventkey" id="R@G,Rpj=zK~^Y=9O``fX">
                                                            <value name="EVENT">
                                                              <block type="variables_get" id="Qgq):;DHZ=8AA9e2=4kW">
                                                                <field name="VAR" id="y%qJ[;(kMgRfwLm[hd:e">event</field>
                                                              </block>
                                                            </value>
                                                          </block>
                                                        </value>
                                                        <next>
                                                          <block type="controls_if" id="~k[e]0_p-k8!%4Ar!ZL=">
                                                            <mutation elseif="3"></mutation>
                                                            <value name="IF0">
                                                              <block type="logic_compare" id="B-SZlR|2=VV`Ung}}cBU">
                                                                <field name="OP">EQ</field>
                                                                <value name="A">
                                                                  <block type="variables_get" id="gB^+#/L=5PKvr+f#vdp#">
                                                                    <field name="VAR" id="q%?wao.jxK|;3^N!NinC">ch</field>
                                                                  </block>
                                                                </value>
                                                                <value name="B">
                                                                  <block type="text" id="O-y=y?b4q-j+I3BiitvN">
                                                                    <field name="TEXT">w</field>
                                                                  </block>
                                                                </value>
                                                              </block>
                                                            </value>
                                                            <statement name="DO0">
                                                              <block type="variables_set" id="8bAGgIn3?B{19NMPyyJ]">
                                                                <field name="VAR" id="X^/*H,EDVOD%9ds}3o$e">wPressed</field>
                                                                <value name="VALUE">
                                                                  <block type="logic_boolean" id="^,+$da(Qw#V$1=FTq]s@">
                                                                    <field name="BOOL">FALSE</field>
                                                                  </block>
                                                                </value>
                                                              </block>
                                                            </statement>
                                                            <value name="IF1">
                                                              <block type="logic_compare" id="1vsh94aIM9[MxQM5e*iu">
                                                                <field name="OP">EQ</field>
                                                                <value name="A">
                                                                  <block type="variables_get" id="LP6AyTle_s%TFbnI9!BU">
                                                                    <field name="VAR" id="q%?wao.jxK|;3^N!NinC">ch</field>
                                                                  </block>
                                                                </value>
                                                                <value name="B">
                                                                  <block type="text" id="[?`lW]#z4(=^)VKs;!Ts">
                                                                    <field name="TEXT">a</field>
                                                                  </block>
                                                                </value>
                                                              </block>
                                                            </value>
                                                            <statement name="DO1">
                                                              <block type="variables_set" id="q;{NU$ZIy=|,l4Fln;0l">
                                                                <field name="VAR" id="kB:/-e8nfoc^+v!n-CsX">aPressed</field>
                                                                <value name="VALUE">
                                                                  <block type="logic_boolean" id="WPqJ,6iKC-RYcxxGsid)">
                                                                    <field name="BOOL">FALSE</field>
                                                                  </block>
                                                                </value>
                                                              </block>
                                                            </statement>
                                                            <value name="IF2">
                                                              <block type="logic_compare" id="F-#c5FInKf+iKM`|0XP|">
                                                                <field name="OP">EQ</field>
                                                                <value name="A">
                                                                  <block type="variables_get" id="Zmv2*LJuGsz~^6D%6jyS">
                                                                    <field name="VAR" id="q%?wao.jxK|;3^N!NinC">ch</field>
                                                                  </block>
                                                                </value>
                                                                <value name="B">
                                                                  <block type="text" id=".j_LL@RO1`R+LTb{TSVr">
                                                                    <field name="TEXT">s</field>
                                                                  </block>
                                                                </value>
                                                              </block>
                                                            </value>
                                                            <statement name="DO2">
                                                              <block type="variables_set" id="-D9cXh-_*A@c]|roZQ[H">
                                                                <field name="VAR" id="5%aKHI_j)=]qgbZ-]tSB">sPressed</field>
                                                                <value name="VALUE">
                                                                  <block type="logic_boolean" id="{_)=H3.bKh/qmcEAH1OZ">
                                                                    <field name="BOOL">FALSE</field>
                                                                  </block>
                                                                </value>
                                                              </block>
                                                            </statement>
                                                            <value name="IF3">
                                                              <block type="logic_compare" id="U-7~`:MPKO:Y0xE*]+KO">
                                                                <field name="OP">EQ</field>
                                                                <value name="A">
                                                                  <block type="variables_get" id="z9yqf,O9f)x~J:lcy+WB">
                                                                    <field name="VAR" id="q%?wao.jxK|;3^N!NinC">ch</field>
                                                                  </block>
                                                                </value>
                                                                <value name="B">
                                                                  <block type="text" id="jM!`pt1)^6(h$qpsv#bm">
                                                                    <field name="TEXT">d</field>
                                                                  </block>
                                                                </value>
                                                              </block>
                                                            </value>
                                                            <statement name="DO3">
                                                              <block type="variables_set" id="oEZ)`~I_h+Z[gKhQwT^R">
                                                                <field name="VAR" id="#,p1]:^wCjqhnA;,5_`g">dPressed</field>
                                                                <value name="VALUE">
                                                                  <block type="logic_boolean" id="/mOTl/}P;IoQ!w7f+Ya`">
                                                                    <field name="BOOL">FALSE</field>
                                                                  </block>
                                                                </value>
                                                              </block>
                                                            </statement>
                                                          </block>
                                                        </next>
                                                      </block>
                                                    </statement>
                                                    <next>
                                                      <block type="controls_if" id="iZSC/V_KlIo(XfCsW(A|">
                                                        <value name="IF0">
                                                          <block type="logic_compare" id="CA(Cmy5]2*[#lKX9U57X">
                                                            <field name="OP">GT</field>
                                                            <value name="A">
                                                              <block type="math_arithmetic" id="*C5WfybV5#C-)1rhZt:Y">
                                                                <field name="OP">MINUS</field>
                                                                <value name="A">
                                                                  <shadow type="math_number" id="L^pVn0w=llvVs@PgYo`2">
                                                                    <field name="NUM">1</field>
                                                                  </shadow>
                                                                  <block type="currenttime" id="LX7R4|%jBD0{!JSEFye5"></block>
                                                                </value>
                                                                <value name="B">
                                                                  <shadow type="math_number" id="92b)}?HHWD@5q[8(VH[_">
                                                                    <field name="NUM">1</field>
                                                                  </shadow>
                                                                  <block type="variables_get" id="sHt`!CW:Z%yFjz=Ny]wy">
                                                                    <field name="VAR" id="Auj8+S~6x$|gNVG8X.nB">taskTimer</field>
                                                                  </block>
                                                                </value>
                                                              </block>
                                                            </value>
                                                            <value name="B">
                                                              <block type="math_number" id="8~V4]C)~u!W?t3Q2ldgI">
                                                                <field name="NUM">0.1</field>
                                                              </block>
                                                            </value>
                                                          </block>
                                                        </value>
                                                        <statement name="DO0">
                                                          <block type="variables_set" id="]kFS6q)#J^qV*u/TyZl~">
                                                            <field name="VAR" id="Auj8+S~6x$|gNVG8X.nB">taskTimer</field>
                                                            <value name="VALUE">
                                                              <block type="currenttime" id="PSKSb*SBikRO[cgJzdPq"></block>
                                                            </value>
                                                            <next>
                                                              <block type="controls_if" id="j~jW8YIf6znsaV1sgcl/">
                                                                <value name="IF0">
                                                                  <block type="variables_get" id="i{e%M7;M+4ZflM/I4@fM">
                                                                    <field name="VAR" id="X^/*H,EDVOD%9ds}3o$e">wPressed</field>
                                                                  </block>
                                                                </value>
                                                                <statement name="DO0">
                                                                  <block type="variables_set" id=".g5_O40oQUd;1r1VX(.)">
                                                                    <field name="VAR" id="(B4M-)i}=y7Ucry_d11/">cannonY</field>
                                                                    <value name="VALUE">
                                                                      <block type="math_arithmetic" id="I}#d0Y~lSw.8QFTO/a{7">
                                                                        <field name="OP">MINUS</field>
                                                                        <value name="A">
                                                                          <shadow type="math_number" id="F]GNi_Hdi_Na@K(N_Znu">
                                                                            <field name="NUM">1</field>
                                                                          </shadow>
                                                                          <block type="variables_get" id="wRQexec;lVu6jiyThs,S">
                                                                            <field name="VAR" id="(B4M-)i}=y7Ucry_d11/">cannonY</field>
                                                                          </block>
                                                                        </value>
                                                                        <value name="B">
                                                                          <shadow type="math_number" id="hQ:nu9AL(`]%anKO(CK`">
                                                                            <field name="NUM">10</field>
                                                                          </shadow>
                                                                        </value>
                                                                      </block>
                                                                    </value>
                                                                  </block>
                                                                </statement>
                                                                <next>
                                                                  <block type="controls_if" id="e6+uk%)AIYCWWGfPi@8g">
                                                                    <value name="IF0">
                                                                      <block type="variables_get" id="=ai6~wir*1]]$PTMXAuZ">
                                                                        <field name="VAR" id="kB:/-e8nfoc^+v!n-CsX">aPressed</field>
                                                                      </block>
                                                                    </value>
                                                                    <statement name="DO0">
                                                                      <block type="variables_set" id="Dk`fA.V`.q=+/2R^~$PJ">
                                                                        <field name="VAR" id="scCP*wEvL#)|Fn]Pfzm~">cannonX</field>
                                                                        <value name="VALUE">
                                                                          <block type="math_arithmetic" id="UeWPGfp8-KtO,%g5URSR">
                                                                            <field name="OP">MINUS</field>
                                                                            <value name="A">
                                                                              <shadow type="math_number">
                                                                                <field name="NUM">1</field>
                                                                              </shadow>
                                                                              <block type="variables_get" id="`YI0@a(AY4Y)]|7QFo#b">
                                                                                <field name="VAR" id="scCP*wEvL#)|Fn]Pfzm~">cannonX</field>
                                                                              </block>
                                                                            </value>
                                                                            <value name="B">
                                                                              <shadow type="math_number" id="S1a~7_J^_#(?]E-p|s}G">
                                                                                <field name="NUM">10</field>
                                                                              </shadow>
                                                                            </value>
                                                                          </block>
                                                                        </value>
                                                                      </block>
                                                                    </statement>
                                                                    <next>
                                                                      <block type="controls_if" id="K2xyGe*Pwh-hCUHo`AfU">
                                                                        <value name="IF0">
                                                                          <block type="variables_get" id="^9[32/@slKg9Eq(u=?+G">
                                                                            <field name="VAR" id="5%aKHI_j)=]qgbZ-]tSB">sPressed</field>
                                                                          </block>
                                                                        </value>
                                                                        <statement name="DO0">
                                                                          <block type="variables_set" id="$q8A0tLs;Yw~e|z9?kAO">
                                                                            <field name="VAR" id="(B4M-)i}=y7Ucry_d11/">cannonY</field>
                                                                            <value name="VALUE">
                                                                              <block type="math_arithmetic" id="rp%R~$tK@?obi7~+Heg(">
                                                                                <field name="OP">ADD</field>
                                                                                <value name="A">
                                                                                  <shadow type="math_number">
                                                                                    <field name="NUM">1</field>
                                                                                  </shadow>
                                                                                  <block type="variables_get" id="2CX6Gi{P|tvk|!xR%r)K">
                                                                                    <field name="VAR" id="(B4M-)i}=y7Ucry_d11/">cannonY</field>
                                                                                  </block>
                                                                                </value>
                                                                                <value name="B">
                                                                                  <shadow type="math_number" id="Ad^t5EsMQf,jy/GLkp~$">
                                                                                    <field name="NUM">10</field>
                                                                                  </shadow>
                                                                                </value>
                                                                              </block>
                                                                            </value>
                                                                          </block>
                                                                        </statement>
                                                                        <next>
                                                                          <block type="controls_if" id=")v0.qz,F3/ubSzS#q}]:">
                                                                            <value name="IF0">
                                                                              <block type="variables_get" id="B0G/pUvLQOyAl1oaimxd">
                                                                                <field name="VAR" id="#,p1]:^wCjqhnA;,5_`g">dPressed</field>
                                                                              </block>
                                                                            </value>
                                                                            <statement name="DO0">
                                                                              <block type="variables_set" id=";J56[ugO(Hk8_okHH9Ys">
                                                                                <field name="VAR" id="scCP*wEvL#)|Fn]Pfzm~">cannonX</field>
                                                                                <value name="VALUE">
                                                                                  <block type="math_arithmetic" id="PVW_o~=z[#w_H_4%XdFL">
                                                                                    <field name="OP">ADD</field>
                                                                                    <value name="A">
                                                                                      <shadow type="math_number">
                                                                                        <field name="NUM">1</field>
                                                                                      </shadow>
                                                                                      <block type="variables_get" id="jUs[:55efUk!Iu)w{!02">
                                                                                        <field name="VAR" id="scCP*wEvL#)|Fn]Pfzm~">cannonX</field>
                                                                                      </block>
                                                                                    </value>
                                                                                    <value name="B">
                                                                                      <shadow type="math_number" id="E_QCj5eD}n.lnOx72Dk{">
                                                                                        <field name="NUM">10</field>
                                                                                      </shadow>
                                                                                    </value>
                                                                                  </block>
                                                                                </value>
                                                                              </block>
                                                                            </statement>
                                                                            <next>
                                                                              <block type="drawimage" id="u]XuS`)-0:T8Smpn_(4T">
                                                                                <value name="IMAGE">
                                                                                  <block type="variables_get" id="Pg$JPG(;$s1[|=j_AW4w">
                                                                                    <field name="VAR" id="~pr]/m+oNrD_n-p-s:p^">image</field>
                                                                                  </block>
                                                                                </value>
                                                                                <value name="SURFACE">
                                                                                  <block type="variables_get" id="g%0:o,DOqj.U54;8K|f$">
                                                                                    <field name="VAR" id="/^mA.iYZEzJE+f@7Bz?`">surface</field>
                                                                                  </block>
                                                                                </value>
                                                                                <value name="POSITION">
                                                                                  <block type="position" id=";^$_{v_l,RL^PrRz-iyW">
                                                                                    <value name="X">
                                                                                      <block type="variables_get" id="NWhw~zLQwR{9u{0]Okmy">
                                                                                        <field name="VAR" id="scCP*wEvL#)|Fn]Pfzm~">cannonX</field>
                                                                                      </block>
                                                                                    </value>
                                                                                    <value name="Y">
                                                                                      <block type="variables_get" id="r0}/$(B*eP]BWL)Dp42g">
                                                                                        <field name="VAR" id="(B4M-)i}=y7Ucry_d11/">cannonY</field>
                                                                                      </block>
                                                                                    </value>
                                                                                  </block>
                                                                                </value>
                                                                              </block>
                                                                            </next>
                                                                          </block>
                                                                        </next>
                                                                      </block>
                                                                    </next>
                                                                  </block>
                                                                </next>
                                                              </block>
                                                            </next>
                                                          </block>
                                                        </statement>
                                                      </block>
                                                    </next>
                                                  </block>
                                                </next>
                                              </block>
                                            </statement>
                                          </block>
                                        </next>
                                      </block>
                                    </next>
                                  </block>
                                </next>
                              </block>
                            </next>
                          </block>
                        </next>
                      </block>
                    </next>
                  </block>
                </next>
              </block>
            </next>
          </block>
        </next>
      </block>
    </next>
  </block>
</xml>